2025-05-26T12:30:41.387+02:00  INFO 24480 --- [springsecurity] [main] c.s.security.SpringSecurityApplication   : Starting SpringSecurityApplication using Java 23.0.2 with PID 24480 (C:\Users\Aqura\IdeaProjects\SpringSecurity-\target\classes started by Aqura in C:\Users\Aqura\IdeaProjects\SpringSecurity-)
2025-05-26T12:30:41.391+02:00  INFO 24480 --- [springsecurity] [main] c.s.security.SpringSecurityApplication   : No active profile set, falling back to 1 default profile: "default"
2025-05-26T12:30:42.258+02:00  INFO 24480 --- [springsecurity] [main] .s.d.r.c.RepositoryConfigurationDelegate : Bootstrapping Spring Data JPA repositories in DEFAULT mode.
2025-05-26T12:30:42.323+02:00  INFO 24480 --- [springsecurity] [main] .s.d.r.c.RepositoryConfigurationDelegate : Finished Spring Data repository scanning in 55 ms. Found 2 JPA repository interfaces.
2025-05-26T12:30:42.506+02:00  INFO 24480 --- [springsecurity] [main] o.s.cloud.context.scope.GenericScope     : BeanFactory id=6e3c1655-2e71-3da6-a4df-d053659b2bdc
2025-05-26T12:30:42.889+02:00  INFO 24480 --- [springsecurity] [main] o.s.b.w.embedded.tomcat.TomcatWebServer  : Tomcat initialized with port 8080 (http)
2025-05-26T12:30:42.904+02:00  INFO 24480 --- [springsecurity] [main] o.apache.catalina.core.StandardService   : Starting service [Tomcat]
2025-05-26T12:30:42.905+02:00  INFO 24480 --- [springsecurity] [main] o.apache.catalina.core.StandardEngine    : Starting Servlet engine: [Apache Tomcat/10.1.40]
2025-05-26T12:30:42.967+02:00  INFO 24480 --- [springsecurity] [main] o.a.c.c.C.[Tomcat].[localhost].[/]       : Initializing Spring embedded WebApplicationContext
2025-05-26T12:30:42.968+02:00  INFO 24480 --- [springsecurity] [main] w.s.c.ServletWebServerApplicationContext : Root WebApplicationContext: initialization completed in 1514 ms
2025-05-26T12:30:43.127+02:00  INFO 24480 --- [springsecurity] [main] o.hibernate.jpa.internal.util.LogHelper  : HHH000204: Processing PersistenceUnitInfo [name: default]
2025-05-26T12:30:43.202+02:00  INFO 24480 --- [springsecurity] [main] org.hibernate.Version                    : HHH000412: Hibernate ORM core version 7.0.0.Final
2025-05-26T12:30:43.746+02:00  INFO 24480 --- [springsecurity] [main] o.s.o.j.p.SpringPersistenceUnitInfo      : No LoadTimeWeaver setup: ignoring JPA class transformer
2025-05-26T12:30:43.787+02:00  INFO 24480 --- [springsecurity] [main] com.zaxxer.hikari.HikariDataSource       : HikariPool - Starting...
2025-05-26T12:30:44.841+02:00  WARN 24480 --- [springsecurity] [main] org.hibernate.orm.jdbc.error             : HHH000247: ErrorCode: 0, SQLState: 08001
2025-05-26T12:30:44.841+02:00  WARN 24480 --- [springsecurity] [main] org.hibernate.orm.jdbc.error             : Подсоединение по адресу localhost:5433 отклонено. Проверьте что хост и порт указаны правильно и что postmaster принимает TCP/IP-подсоединения.
2025-05-26T12:30:44.842+02:00  WARN 24480 --- [springsecurity] [main] o.h.e.j.e.i.JdbcEnvironmentInitiator     : HHH000342: Could not obtain connection to query JDBC database metadata

org.hibernate.exception.JDBCConnectionException: unable to obtain isolated JDBC connection [Подсоединение по адресу localhost:5433 отклонено. Проверьте что хост и порт указаны правильно и что postmaster принимает TCP/IP-подсоединения.] [n/a]
	at org.hibernate.exception.internal.SQLStateConversionDelegate.convert(SQLStateConversionDelegate.java:80) ~[hibernate-core-7.0.0.Final.jar:7.0.0.Final]
	at org.hibernate.exception.internal.StandardSQLExceptionConverter.convert(StandardSQLExceptionConverter.java:34) ~[hibernate-core-7.0.0.Final.jar:7.0.0.Final]
	at org.hibernate.engine.jdbc.spi.SqlExceptionHelper.convert(SqlExceptionHelper.java:115) ~[hibernate-core-7.0.0.Final.jar:7.0.0.Final]
	at org.hibernate.engine.jdbc.spi.SqlExceptionHelper.convert(SqlExceptionHelper.java:101) ~[hibernate-core-7.0.0.Final.jar:7.0.0.Final]
	at org.hibernate.resource.transaction.backend.jdbc.internal.JdbcIsolationDelegate.delegateWork(JdbcIsolationDelegate.java:114) ~[hibernate-core-7.0.0.Final.jar:7.0.0.Final]
	at org.hibernate.engine.jdbc.env.internal.JdbcEnvironmentInitiator.getJdbcEnvironmentUsingJdbcMetadata(JdbcEnvironmentInitiator.java:355) ~[hibernate-core-7.0.0.Final.jar:7.0.0.Final]
	at org.hibernate.engine.jdbc.env.internal.JdbcEnvironmentInitiator.getJdbcEnvironment(JdbcEnvironmentInitiator.java:147) ~[hibernate-core-7.0.0.Final.jar:7.0.0.Final]
	at org.hibernate.engine.jdbc.env.internal.JdbcEnvironmentInitiator.initiateService(JdbcEnvironmentInitiator.java:125) ~[hibernate-core-7.0.0.Final.jar:7.0.0.Final]
	at org.hibernate.engine.jdbc.env.internal.JdbcEnvironmentInitiator.initiateService(JdbcEnvironmentInitiator.java:80) ~[hibernate-core-7.0.0.Final.jar:7.0.0.Final]
	at org.hibernate.boot.registry.internal.StandardServiceRegistryImpl.initiateService(StandardServiceRegistryImpl.java:133) ~[hibernate-core-7.0.0.Final.jar:7.0.0.Final]
	at org.hibernate.service.internal.AbstractServiceRegistryImpl.createService(AbstractServiceRegistryImpl.java:262) ~[hibernate-core-7.0.0.Final.jar:7.0.0.Final]
	at org.hibernate.service.internal.AbstractServiceRegistryImpl.initializeService(AbstractServiceRegistryImpl.java:237) ~[hibernate-core-7.0.0.Final.jar:7.0.0.Final]
	at org.hibernate.service.internal.AbstractServiceRegistryImpl.getService(AbstractServiceRegistryImpl.java:214) ~[hibernate-core-7.0.0.Final.jar:7.0.0.Final]
	at org.hibernate.boot.model.relational.Database.<init>(Database.java:43) ~[hibernate-core-7.0.0.Final.jar:7.0.0.Final]
	at org.hibernate.boot.internal.InFlightMetadataCollectorImpl.getDatabase(InFlightMetadataCollectorImpl.java:254) ~[hibernate-core-7.0.0.Final.jar:7.0.0.Final]
	at org.hibernate.boot.internal.InFlightMetadataCollectorImpl.<init>(InFlightMetadataCollectorImpl.java:210) ~[hibernate-core-7.0.0.Final.jar:7.0.0.Final]
	at org.hibernate.boot.model.process.spi.MetadataBuildingProcess.complete(MetadataBuildingProcess.java:185) ~[hibernate-core-7.0.0.Final.jar:7.0.0.Final]
	at org.hibernate.jpa.boot.internal.EntityManagerFactoryBuilderImpl.metadata(EntityManagerFactoryBuilderImpl.java:1412) ~[hibernate-core-7.0.0.Final.jar:7.0.0.Final]
	at org.hibernate.jpa.boot.internal.EntityManagerFactoryBuilderImpl.populateSessionFactoryBuilder(EntityManagerFactoryBuilderImpl.java:1493) ~[hibernate-core-7.0.0.Final.jar:7.0.0.Final]
	at org.hibernate.jpa.boot.internal.EntityManagerFactoryBuilderImpl.build(EntityManagerFactoryBuilderImpl.java:1475) ~[hibernate-core-7.0.0.Final.jar:7.0.0.Final]
	at org.springframework.orm.jpa.vendor.SpringHibernateJpaPersistenceProvider.createContainerEntityManagerFactory(SpringHibernateJpaPersistenceProvider.java:66) ~[spring-orm-6.2.6.jar:6.2.6]
	at org.springframework.orm.jpa.LocalContainerEntityManagerFactoryBean.createNativeEntityManagerFactory(LocalContainerEntityManagerFactoryBean.java:390) ~[spring-orm-6.2.6.jar:6.2.6]
	at org.springframework.orm.jpa.AbstractEntityManagerFactoryBean.buildNativeEntityManagerFactory(AbstractEntityManagerFactoryBean.java:419) ~[spring-orm-6.2.6.jar:6.2.6]
	at org.springframework.orm.jpa.AbstractEntityManagerFactoryBean.afterPropertiesSet(AbstractEntityManagerFactoryBean.java:400) ~[spring-orm-6.2.6.jar:6.2.6]
	at org.springframework.orm.jpa.LocalContainerEntityManagerFactoryBean.afterPropertiesSet(LocalContainerEntityManagerFactoryBean.java:366) ~[spring-orm-6.2.6.jar:6.2.6]
	at org.springframework.beans.factory.support.AbstractAutowireCapableBeanFactory.invokeInitMethods(AbstractAutowireCapableBeanFactory.java:1865) ~[spring-beans-6.2.6.jar:6.2.6]
	at org.springframework.beans.factory.support.AbstractAutowireCapableBeanFactory.initializeBean(AbstractAutowireCapableBeanFactory.java:1814) ~[spring-beans-6.2.6.jar:6.2.6]
	at org.springframework.beans.factory.support.AbstractAutowireCapableBeanFactory.doCreateBean(AbstractAutowireCapableBeanFactory.java:607) ~[spring-beans-6.2.6.jar:6.2.6]
	at org.springframework.beans.factory.support.AbstractAutowireCapableBeanFactory.createBean(AbstractAutowireCapableBeanFactory.java:529) ~[spring-beans-6.2.6.jar:6.2.6]
	at org.springframework.beans.factory.support.AbstractBeanFactory.lambda$doGetBean$0(AbstractBeanFactory.java:339) ~[spring-beans-6.2.6.jar:6.2.6]
	at org.springframework.beans.factory.support.DefaultSingletonBeanRegistry.getSingleton(DefaultSingletonBeanRegistry.java:371) ~[spring-beans-6.2.6.jar:6.2.6]
	at org.springframework.beans.factory.support.AbstractBeanFactory.doGetBean(AbstractBeanFactory.java:337) ~[spring-beans-6.2.6.jar:6.2.6]
	at org.springframework.beans.factory.support.AbstractBeanFactory.getBean(AbstractBeanFactory.java:202) ~[spring-beans-6.2.6.jar:6.2.6]
	at org.springframework.beans.factory.support.BeanDefinitionValueResolver.resolveReference(BeanDefinitionValueResolver.java:365) ~[spring-beans-6.2.6.jar:6.2.6]
	at org.springframework.beans.factory.support.BeanDefinitionValueResolver.resolveValueIfNecessary(BeanDefinitionValueResolver.java:135) ~[spring-beans-6.2.6.jar:6.2.6]
	at org.springframework.beans.factory.support.ConstructorResolver.resolveConstructorArguments(ConstructorResolver.java:691) ~[spring-beans-6.2.6.jar:6.2.6]
	at org.springframework.beans.factory.support.ConstructorResolver.instantiateUsingFactoryMethod(ConstructorResolver.java:513) ~[spring-beans-6.2.6.jar:6.2.6]
	at org.springframework.beans.factory.support.AbstractAutowireCapableBeanFactory.instantiateUsingFactoryMethod(AbstractAutowireCapableBeanFactory.java:1367) ~[spring-beans-6.2.6.jar:6.2.6]
	at org.springframework.beans.factory.support.AbstractAutowireCapableBeanFactory.createBeanInstance(AbstractAutowireCapableBeanFactory.java:1197) ~[spring-beans-6.2.6.jar:6.2.6]
	at org.springframework.beans.factory.support.AbstractAutowireCapableBeanFactory.doCreateBean(AbstractAutowireCapableBeanFactory.java:569) ~[spring-beans-6.2.6.jar:6.2.6]
	at org.springframework.beans.factory.support.AbstractAutowireCapableBeanFactory.createBean(AbstractAutowireCapableBeanFactory.java:529) ~[spring-beans-6.2.6.jar:6.2.6]
	at org.springframework.beans.factory.support.AbstractBeanFactory.lambda$doGetBean$0(AbstractBeanFactory.java:339) ~[spring-beans-6.2.6.jar:6.2.6]
	at org.springframework.beans.factory.support.DefaultSingletonBeanRegistry.getSingleton(DefaultSingletonBeanRegistry.java:371) ~[spring-beans-6.2.6.jar:6.2.6]
	at org.springframework.beans.factory.support.AbstractBeanFactory.doGetBean(AbstractBeanFactory.java:337) ~[spring-beans-6.2.6.jar:6.2.6]
	at org.springframework.beans.factory.support.AbstractBeanFactory.getBean(AbstractBeanFactory.java:202) ~[spring-beans-6.2.6.jar:6.2.6]
	at org.springframework.beans.factory.support.BeanDefinitionValueResolver.resolveReference(BeanDefinitionValueResolver.java:365) ~[spring-beans-6.2.6.jar:6.2.6]
	at org.springframework.beans.factory.support.BeanDefinitionValueResolver.resolveValueIfNecessary(BeanDefinitionValueResolver.java:135) ~[spring-beans-6.2.6.jar:6.2.6]
	at org.springframework.beans.factory.support.AbstractAutowireCapableBeanFactory.applyPropertyValues(AbstractAutowireCapableBeanFactory.java:1717) ~[spring-beans-6.2.6.jar:6.2.6]
	at org.springframework.beans.factory.support.AbstractAutowireCapableBeanFactory.populateBean(AbstractAutowireCapableBeanFactory.java:1466) ~[spring-beans-6.2.6.jar:6.2.6]
	at org.springframework.beans.factory.support.AbstractAutowireCapableBeanFactory.doCreateBean(AbstractAutowireCapableBeanFactory.java:606) ~[spring-beans-6.2.6.jar:6.2.6]
	at org.springframework.beans.factory.support.AbstractAutowireCapableBeanFactory.createBean(AbstractAutowireCapableBeanFactory.java:529) ~[spring-beans-6.2.6.jar:6.2.6]
	at org.springframework.beans.factory.support.AbstractBeanFactory.lambda$doGetBean$0(AbstractBeanFactory.java:339) ~[spring-beans-6.2.6.jar:6.2.6]
	at org.springframework.beans.factory.support.DefaultSingletonBeanRegistry.getSingleton(DefaultSingletonBeanRegistry.java:371) ~[spring-beans-6.2.6.jar:6.2.6]
	at org.springframework.beans.factory.support.AbstractBeanFactory.doGetBean(AbstractBeanFactory.java:337) ~[spring-beans-6.2.6.jar:6.2.6]
	at org.springframework.beans.factory.support.AbstractBeanFactory.getBean(AbstractBeanFactory.java:202) ~[spring-beans-6.2.6.jar:6.2.6]
	at org.springframework.beans.factory.support.DefaultListableBeanFactory.doResolveDependency(DefaultListableBeanFactory.java:1681) ~[spring-beans-6.2.6.jar:6.2.6]
	at org.springframework.beans.factory.support.DefaultListableBeanFactory.resolveDependency(DefaultListableBeanFactory.java:1627) ~[spring-beans-6.2.6.jar:6.2.6]
	at org.springframework.beans.factory.support.ConstructorResolver.resolveAutowiredArgument(ConstructorResolver.java:913) ~[spring-beans-6.2.6.jar:6.2.6]
	at org.springframework.beans.factory.support.ConstructorResolver.createArgumentArray(ConstructorResolver.java:791) ~[spring-beans-6.2.6.jar:6.2.6]
	at org.springframework.beans.factory.support.ConstructorResolver.autowireConstructor(ConstructorResolver.java:240) ~[spring-beans-6.2.6.jar:6.2.6]
	at org.springframework.beans.factory.support.AbstractAutowireCapableBeanFactory.autowireConstructor(AbstractAutowireCapableBeanFactory.java:1387) ~[spring-beans-6.2.6.jar:6.2.6]
	at org.springframework.beans.factory.support.AbstractAutowireCapableBeanFactory.createBeanInstance(AbstractAutowireCapableBeanFactory.java:1224) ~[spring-beans-6.2.6.jar:6.2.6]
	at org.springframework.beans.factory.support.AbstractAutowireCapableBeanFactory.doCreateBean(AbstractAutowireCapableBeanFactory.java:569) ~[spring-beans-6.2.6.jar:6.2.6]
	at org.springframework.beans.factory.support.AbstractAutowireCapableBeanFactory.createBean(AbstractAutowireCapableBeanFactory.java:529) ~[spring-beans-6.2.6.jar:6.2.6]
	at org.springframework.beans.factory.support.AbstractBeanFactory.lambda$doGetBean$0(AbstractBeanFactory.java:339) ~[spring-beans-6.2.6.jar:6.2.6]
	at org.springframework.beans.factory.support.DefaultSingletonBeanRegistry.getSingleton(DefaultSingletonBeanRegistry.java:371) ~[spring-beans-6.2.6.jar:6.2.6]
	at org.springframework.beans.factory.support.AbstractBeanFactory.doGetBean(AbstractBeanFactory.java:337) ~[spring-beans-6.2.6.jar:6.2.6]
	at org.springframework.beans.factory.support.AbstractBeanFactory.getBean(AbstractBeanFactory.java:202) ~[spring-beans-6.2.6.jar:6.2.6]
	at org.springframework.beans.factory.support.ConstructorResolver.instantiateUsingFactoryMethod(ConstructorResolver.java:413) ~[spring-beans-6.2.6.jar:6.2.6]
	at org.springframework.beans.factory.support.AbstractAutowireCapableBeanFactory.instantiateUsingFactoryMethod(AbstractAutowireCapableBeanFactory.java:1367) ~[spring-beans-6.2.6.jar:6.2.6]
	at org.springframework.beans.factory.support.AbstractAutowireCapableBeanFactory.createBeanInstance(AbstractAutowireCapableBeanFactory.java:1197) ~[spring-beans-6.2.6.jar:6.2.6]
	at org.springframework.beans.factory.support.AbstractAutowireCapableBeanFactory.doCreateBean(AbstractAutowireCapableBeanFactory.java:569) ~[spring-beans-6.2.6.jar:6.2.6]
	at org.springframework.beans.factory.support.AbstractAutowireCapableBeanFactory.createBean(AbstractAutowireCapableBeanFactory.java:529) ~[spring-beans-6.2.6.jar:6.2.6]
	at org.springframework.beans.factory.support.AbstractBeanFactory.lambda$doGetBean$0(AbstractBeanFactory.java:339) ~[spring-beans-6.2.6.jar:6.2.6]
	at org.springframework.beans.factory.support.DefaultSingletonBeanRegistry.getSingleton(DefaultSingletonBeanRegistry.java:371) ~[spring-beans-6.2.6.jar:6.2.6]
	at org.springframework.beans.factory.support.AbstractBeanFactory.doGetBean(AbstractBeanFactory.java:337) ~[spring-beans-6.2.6.jar:6.2.6]
	at org.springframework.beans.factory.support.AbstractBeanFactory.getBean(AbstractBeanFactory.java:202) ~[spring-beans-6.2.6.jar:6.2.6]
	at org.springframework.beans.factory.support.DefaultListableBeanFactory.doResolveDependency(DefaultListableBeanFactory.java:1681) ~[spring-beans-6.2.6.jar:6.2.6]
	at org.springframework.beans.factory.support.DefaultListableBeanFactory.resolveDependency(DefaultListableBeanFactory.java:1627) ~[spring-beans-6.2.6.jar:6.2.6]
	at org.springframework.beans.factory.support.ConstructorResolver.resolveAutowiredArgument(ConstructorResolver.java:913) ~[spring-beans-6.2.6.jar:6.2.6]
	at org.springframework.beans.factory.support.ConstructorResolver.createArgumentArray(ConstructorResolver.java:791) ~[spring-beans-6.2.6.jar:6.2.6]
	at org.springframework.beans.factory.support.ConstructorResolver.autowireConstructor(ConstructorResolver.java:240) ~[spring-beans-6.2.6.jar:6.2.6]
	at org.springframework.beans.factory.support.AbstractAutowireCapableBeanFactory.autowireConstructor(AbstractAutowireCapableBeanFactory.java:1387) ~[spring-beans-6.2.6.jar:6.2.6]
	at org.springframework.beans.factory.support.AbstractAutowireCapableBeanFactory.createBeanInstance(AbstractAutowireCapableBeanFactory.java:1224) ~[spring-beans-6.2.6.jar:6.2.6]
	at org.springframework.beans.factory.support.AbstractAutowireCapableBeanFactory.doCreateBean(AbstractAutowireCapableBeanFactory.java:569) ~[spring-beans-6.2.6.jar:6.2.6]
	at org.springframework.beans.factory.support.AbstractAutowireCapableBeanFactory.createBean(AbstractAutowireCapableBeanFactory.java:529) ~[spring-beans-6.2.6.jar:6.2.6]
	at org.springframework.beans.factory.support.AbstractBeanFactory.lambda$doGetBean$0(AbstractBeanFactory.java:339) ~[spring-beans-6.2.6.jar:6.2.6]
	at org.springframework.beans.factory.support.DefaultSingletonBeanRegistry.getSingleton(DefaultSingletonBeanRegistry.java:371) ~[spring-beans-6.2.6.jar:6.2.6]
	at org.springframework.beans.factory.support.AbstractBeanFactory.doGetBean(AbstractBeanFactory.java:337) ~[spring-beans-6.2.6.jar:6.2.6]
	at org.springframework.beans.factory.support.AbstractBeanFactory.getBean(AbstractBeanFactory.java:207) ~[spring-beans-6.2.6.jar:6.2.6]
	at org.springframework.boot.web.servlet.ServletContextInitializerBeans.getOrderedBeansOfType(ServletContextInitializerBeans.java:211) ~[spring-boot-3.4.5.jar:3.4.5]
	at org.springframework.boot.web.servlet.ServletContextInitializerBeans.addAsRegistrationBean(ServletContextInitializerBeans.java:174) ~[spring-boot-3.4.5.jar:3.4.5]
	at org.springframework.boot.web.servlet.ServletContextInitializerBeans.addAsRegistrationBean(ServletContextInitializerBeans.java:169) ~[spring-boot-3.4.5.jar:3.4.5]
	at org.springframework.boot.web.servlet.ServletContextInitializerBeans.addAdaptableBeans(ServletContextInitializerBeans.java:154) ~[spring-boot-3.4.5.jar:3.4.5]
	at org.springframework.boot.web.servlet.ServletContextInitializerBeans.<init>(ServletContextInitializerBeans.java:87) ~[spring-boot-3.4.5.jar:3.4.5]
	at org.springframework.boot.web.servlet.context.ServletWebServerApplicationContext.getServletContextInitializerBeans(ServletWebServerApplicationContext.java:271) ~[spring-boot-3.4.5.jar:3.4.5]
	at org.springframework.boot.web.servlet.context.ServletWebServerApplicationContext.selfInitialize(ServletWebServerApplicationContext.java:245) ~[spring-boot-3.4.5.jar:3.4.5]
	at org.springframework.boot.web.embedded.tomcat.TomcatStarter.onStartup(TomcatStarter.java:52) ~[spring-boot-3.4.5.jar:3.4.5]
	at org.apache.catalina.core.StandardContext.startInternal(StandardContext.java:4464) ~[tomcat-embed-core-10.1.40.jar:10.1.40]
	at org.apache.catalina.util.LifecycleBase.start(LifecycleBase.java:164) ~[tomcat-embed-core-10.1.40.jar:10.1.40]
	at org.apache.catalina.core.ContainerBase$StartChild.call(ContainerBase.java:1203) ~[tomcat-embed-core-10.1.40.jar:10.1.40]
	at org.apache.catalina.core.ContainerBase$StartChild.call(ContainerBase.java:1193) ~[tomcat-embed-core-10.1.40.jar:10.1.40]
	at java.base/java.util.concurrent.FutureTask.run(FutureTask.java:317) ~[na:na]
	at org.apache.tomcat.util.threads.InlineExecutorService.execute(InlineExecutorService.java:75) ~[tomcat-embed-core-10.1.40.jar:10.1.40]
	at java.base/java.util.concurrent.AbstractExecutorService.submit(AbstractExecutorService.java:148) ~[na:na]
	at org.apache.catalina.core.ContainerBase.startInternal(ContainerBase.java:749) ~[tomcat-embed-core-10.1.40.jar:10.1.40]
	at org.apache.catalina.core.StandardHost.startInternal(StandardHost.java:772) ~[tomcat-embed-core-10.1.40.jar:10.1.40]
	at org.apache.catalina.util.LifecycleBase.start(LifecycleBase.java:164) ~[tomcat-embed-core-10.1.40.jar:10.1.40]
	at org.apache.catalina.core.ContainerBase$StartChild.call(ContainerBase.java:1203) ~[tomcat-embed-core-10.1.40.jar:10.1.40]
	at org.apache.catalina.core.ContainerBase$StartChild.call(ContainerBase.java:1193) ~[tomcat-embed-core-10.1.40.jar:10.1.40]
	at java.base/java.util.concurrent.FutureTask.run(FutureTask.java:317) ~[na:na]
	at org.apache.tomcat.util.threads.InlineExecutorService.execute(InlineExecutorService.java:75) ~[tomcat-embed-core-10.1.40.jar:10.1.40]
	at java.base/java.util.concurrent.AbstractExecutorService.submit(AbstractExecutorService.java:148) ~[na:na]
	at org.apache.catalina.core.ContainerBase.startInternal(ContainerBase.java:749) ~[tomcat-embed-core-10.1.40.jar:10.1.40]
	at org.apache.catalina.core.StandardEngine.startInternal(StandardEngine.java:203) ~[tomcat-embed-core-10.1.40.jar:10.1.40]
	at org.apache.catalina.util.LifecycleBase.start(LifecycleBase.java:164) ~[tomcat-embed-core-10.1.40.jar:10.1.40]
	at org.apache.catalina.core.StandardService.startInternal(StandardService.java:412) ~[tomcat-embed-core-10.1.40.jar:10.1.40]
	at org.apache.catalina.util.LifecycleBase.start(LifecycleBase.java:164) ~[tomcat-embed-core-10.1.40.jar:10.1.40]
	at org.apache.catalina.core.StandardServer.startInternal(StandardServer.java:870) ~[tomcat-embed-core-10.1.40.jar:10.1.40]
	at org.apache.catalina.util.LifecycleBase.start(LifecycleBase.java:164) ~[tomcat-embed-core-10.1.40.jar:10.1.40]
	at org.apache.catalina.startup.Tomcat.start(Tomcat.java:438) ~[tomcat-embed-core-10.1.40.jar:10.1.40]
	at org.springframework.boot.web.embedded.tomcat.TomcatWebServer.initialize(TomcatWebServer.java:128) ~[spring-boot-3.4.5.jar:3.4.5]
	at org.springframework.boot.web.embedded.tomcat.TomcatWebServer.<init>(TomcatWebServer.java:107) ~[spring-boot-3.4.5.jar:3.4.5]
	at org.springframework.boot.web.embedded.tomcat.TomcatServletWebServerFactory.getTomcatWebServer(TomcatServletWebServerFactory.java:517) ~[spring-boot-3.4.5.jar:3.4.5]
	at org.springframework.boot.web.embedded.tomcat.TomcatServletWebServerFactory.getWebServer(TomcatServletWebServerFactory.java:219) ~[spring-boot-3.4.5.jar:3.4.5]
	at org.springframework.boot.web.servlet.context.ServletWebServerApplicationContext.createWebServer(ServletWebServerApplicationContext.java:193) ~[spring-boot-3.4.5.jar:3.4.5]
	at org.springframework.boot.web.servlet.context.ServletWebServerApplicationContext.onRefresh(ServletWebServerApplicationContext.java:167) ~[spring-boot-3.4.5.jar:3.4.5]
	at org.springframework.context.support.AbstractApplicationContext.refresh(AbstractApplicationContext.java:621) ~[spring-context-6.2.6.jar:6.2.6]
	at org.springframework.boot.web.servlet.context.ServletWebServerApplicationContext.refresh(ServletWebServerApplicationContext.java:146) ~[spring-boot-3.4.5.jar:3.4.5]
	at org.springframework.boot.SpringApplication.refresh(SpringApplication.java:753) ~[spring-boot-3.4.5.jar:3.4.5]
	at org.springframework.boot.SpringApplication.refreshContext(SpringApplication.java:439) ~[spring-boot-3.4.5.jar:3.4.5]
	at org.springframework.boot.SpringApplication.run(SpringApplication.java:318) ~[spring-boot-3.4.5.jar:3.4.5]
	at org.springframework.boot.SpringApplication.run(SpringApplication.java:1362) ~[spring-boot-3.4.5.jar:3.4.5]
	at org.springframework.boot.SpringApplication.run(SpringApplication.java:1351) ~[spring-boot-3.4.5.jar:3.4.5]
	at com.spring.security.SpringSecurityApplication.main(SpringSecurityApplication.java:10) ~[classes/:na]
Caused by: org.postgresql.util.PSQLException: Подсоединение по адресу localhost:5433 отклонено. Проверьте что хост и порт указаны правильно и что postmaster принимает TCP/IP-подсоединения.
	at org.postgresql.core.v3.ConnectionFactoryImpl.openConnectionImpl(ConnectionFactoryImpl.java:352) ~[postgresql-42.7.5.jar:42.7.5]
	at org.postgresql.core.ConnectionFactory.openConnection(ConnectionFactory.java:54) ~[postgresql-42.7.5.jar:42.7.5]
	at org.postgresql.jdbc.PgConnection.<init>(PgConnection.java:273) ~[postgresql-42.7.5.jar:42.7.5]
	at org.postgresql.Driver.makeConnection(Driver.java:446) ~[postgresql-42.7.5.jar:42.7.5]
	at org.postgresql.Driver.connect(Driver.java:298) ~[postgresql-42.7.5.jar:42.7.5]
	at com.zaxxer.hikari.util.DriverDataSource.getConnection(DriverDataSource.java:139) ~[HikariCP-6.3.0.jar:na]
	at com.zaxxer.hikari.pool.PoolBase.newConnection(PoolBase.java:368) ~[HikariCP-6.3.0.jar:na]
	at com.zaxxer.hikari.pool.PoolBase.newPoolEntry(PoolBase.java:205) ~[HikariCP-6.3.0.jar:na]
	at com.zaxxer.hikari.pool.HikariPool.createPoolEntry(HikariPool.java:483) ~[HikariCP-6.3.0.jar:na]
	at com.zaxxer.hikari.pool.HikariPool.checkFailFast(HikariPool.java:571) ~[HikariCP-6.3.0.jar:na]
	at com.zaxxer.hikari.pool.HikariPool.<init>(HikariPool.java:101) ~[HikariCP-6.3.0.jar:na]
	at com.zaxxer.hikari.HikariDataSource.getConnection(HikariDataSource.java:111) ~[HikariCP-6.3.0.jar:na]
	at org.hibernate.engine.jdbc.connections.internal.DatasourceConnectionProviderImpl.getConnection(DatasourceConnectionProviderImpl.java:140) ~[hibernate-core-7.0.0.Final.jar:7.0.0.Final]
	at org.hibernate.engine.jdbc.env.internal.JdbcEnvironmentInitiator$ConnectionProviderJdbcConnectionAccess.obtainConnection(JdbcEnvironmentInitiator.java:503) ~[hibernate-core-7.0.0.Final.jar:7.0.0.Final]
	at org.hibernate.resource.transaction.backend.jdbc.internal.JdbcIsolationDelegate.delegateWork(JdbcIsolationDelegate.java:59) ~[hibernate-core-7.0.0.Final.jar:7.0.0.Final]
	... 130 common frames omitted
Caused by: java.net.ConnectException: Connection refused: getsockopt
	at java.base/sun.nio.ch.Net.pollConnect(Native Method) ~[na:na]
	at java.base/sun.nio.ch.Net.pollConnectNow(Net.java:682) ~[na:na]
	at java.base/sun.nio.ch.NioSocketImpl.timedFinishConnect(NioSocketImpl.java:542) ~[na:na]
	at java.base/sun.nio.ch.NioSocketImpl.connect(NioSocketImpl.java:592) ~[na:na]
	at java.base/java.net.SocksSocketImpl.connect(SocksSocketImpl.java:327) ~[na:na]
	at java.base/java.net.Socket.connect(Socket.java:760) ~[na:na]
	at org.postgresql.core.PGStream.createSocket(PGStream.java:260) ~[postgresql-42.7.5.jar:42.7.5]
	at org.postgresql.core.PGStream.<init>(PGStream.java:121) ~[postgresql-42.7.5.jar:42.7.5]
	at org.postgresql.core.v3.ConnectionFactoryImpl.tryConnect(ConnectionFactoryImpl.java:140) ~[postgresql-42.7.5.jar:42.7.5]
	at org.postgresql.core.v3.ConnectionFactoryImpl.openConnectionImpl(ConnectionFactoryImpl.java:268) ~[postgresql-42.7.5.jar:42.7.5]
	... 144 common frames omitted

2025-05-26T12:30:44.879+02:00  WARN 24480 --- [springsecurity] [main] org.hibernate.orm.deprecation            : HHH90000025: PostgreSQLDialect does not need to be specified explicitly using 'hibernate.dialect' (remove the property setting and it will be selected by default)
2025-05-26T12:30:44.892+02:00  INFO 24480 --- [springsecurity] [main] org.hibernate.orm.connections.pooling    : HHH10001005: Database info:
	Database JDBC URL [undefined/unknown]
	Database driver: undefined/unknown
	Database version: 13.0
	Autocommit mode: undefined/unknown
	Isolation level: NONE [default NONE]
	Pool: DatasourceConnectionProviderImpl
	Minimum pool size: undefined/unknown
	Maximum pool size: undefined/unknown
2025-05-26T12:30:45.879+02:00  INFO 24480 --- [springsecurity] [main] o.h.e.t.j.p.i.JtaPlatformInitiator       : HHH000489: No JTA platform available (set 'hibernate.transaction.jta.platform' to enable JTA platform integration)
2025-05-26T12:30:45.910+02:00  INFO 24480 --- [springsecurity] [main] com.zaxxer.hikari.HikariDataSource       : HikariPool - Starting...
2025-05-26T12:30:46.911+02:00  WARN 24480 --- [springsecurity] [main] org.hibernate.orm.jdbc.error             : HHH000247: ErrorCode: 0, SQLState: 08001
2025-05-26T12:30:46.911+02:00  WARN 24480 --- [springsecurity] [main] org.hibernate.orm.jdbc.error             : Подсоединение по адресу localhost:5433 отклонено. Проверьте что хост и порт указаны правильно и что postmaster принимает TCP/IP-подсоединения.
2025-05-26T12:30:46.917+02:00 ERROR 24480 --- [springsecurity] [main] j.LocalContainerEntityManagerFactoryBean : Failed to initialize JPA EntityManagerFactory: Unable to build Hibernate SessionFactory  [persistence unit: default] ; nested exception is org.hibernate.exception.JDBCConnectionException: Unable to open JDBC Connection for DDL execution [Подсоединение по адресу localhost:5433 отклонено. Проверьте что хост и порт указаны правильно и что postmaster принимает TCP/IP-подсоединения.] [n/a]
2025-05-26T12:30:46.918+02:00 ERROR 24480 --- [springsecurity] [main] o.s.b.web.embedded.tomcat.TomcatStarter  : Error starting Tomcat context. Exception: org.springframework.beans.factory.UnsatisfiedDependencyException. Message: Error creating bean with name 'JWTFilter' defined in file [C:\Users\Aqura\IdeaProjects\SpringSecurity-\target\classes\com\spring\security\jwt\JWTFilter.class]: Unsatisfied dependency expressed through constructor parameter 1: Error creating bean with name 'securityConfiguration' defined in file [C:\Users\Aqura\IdeaProjects\SpringSecurity-\target\classes\com\spring\security\configuration\SecurityConfiguration.class]: Unsatisfied dependency expressed through constructor parameter 0: Error creating bean with name 'userRepository' defined in com.spring.security.user.repository.UserRepository defined in @EnableJpaRepositories declared on JpaRepositoriesRegistrar.EnableJpaRepositoriesConfiguration: Cannot resolve reference to bean 'jpaSharedEM_entityManagerFactory' while setting bean property 'entityManager'
2025-05-26T12:30:46.952+02:00  INFO 24480 --- [springsecurity] [main] o.apache.catalina.core.StandardService   : Stopping service [Tomcat]
2025-05-26T12:30:46.959+02:00  WARN 24480 --- [springsecurity] [main] ConfigServletWebServerApplicationContext : Exception encountered during context initialization - cancelling refresh attempt: org.springframework.context.ApplicationContextException: Unable to start web server
2025-05-26T12:30:46.968+02:00  INFO 24480 --- [springsecurity] [main] .s.b.a.l.ConditionEvaluationReportLogger : 

Error starting ApplicationContext. To display the condition evaluation report re-run your application with 'debug' enabled.
2025-05-26T12:30:46.996+02:00 ERROR 24480 --- [springsecurity] [main] o.s.boot.SpringApplication               : Application run failed

org.springframework.context.ApplicationContextException: Unable to start web server
	at org.springframework.boot.web.servlet.context.ServletWebServerApplicationContext.onRefresh(ServletWebServerApplicationContext.java:170) ~[spring-boot-3.4.5.jar:3.4.5]
	at org.springframework.context.support.AbstractApplicationContext.refresh(AbstractApplicationContext.java:621) ~[spring-context-6.2.6.jar:6.2.6]
	at org.springframework.boot.web.servlet.context.ServletWebServerApplicationContext.refresh(ServletWebServerApplicationContext.java:146) ~[spring-boot-3.4.5.jar:3.4.5]
	at org.springframework.boot.SpringApplication.refresh(SpringApplication.java:753) ~[spring-boot-3.4.5.jar:3.4.5]
	at org.springframework.boot.SpringApplication.refreshContext(SpringApplication.java:439) ~[spring-boot-3.4.5.jar:3.4.5]
	at org.springframework.boot.SpringApplication.run(SpringApplication.java:318) ~[spring-boot-3.4.5.jar:3.4.5]
	at org.springframework.boot.SpringApplication.run(SpringApplication.java:1362) ~[spring-boot-3.4.5.jar:3.4.5]
	at org.springframework.boot.SpringApplication.run(SpringApplication.java:1351) ~[spring-boot-3.4.5.jar:3.4.5]
	at com.spring.security.SpringSecurityApplication.main(SpringSecurityApplication.java:10) ~[classes/:na]
Caused by: org.springframework.boot.web.server.WebServerException: Unable to start embedded Tomcat
	at org.springframework.boot.web.embedded.tomcat.TomcatWebServer.initialize(TomcatWebServer.java:147) ~[spring-boot-3.4.5.jar:3.4.5]
	at org.springframework.boot.web.embedded.tomcat.TomcatWebServer.<init>(TomcatWebServer.java:107) ~[spring-boot-3.4.5.jar:3.4.5]
	at org.springframework.boot.web.embedded.tomcat.TomcatServletWebServerFactory.getTomcatWebServer(TomcatServletWebServerFactory.java:517) ~[spring-boot-3.4.5.jar:3.4.5]
	at org.springframework.boot.web.embedded.tomcat.TomcatServletWebServerFactory.getWebServer(TomcatServletWebServerFactory.java:219) ~[spring-boot-3.4.5.jar:3.4.5]
	at org.springframework.boot.web.servlet.context.ServletWebServerApplicationContext.createWebServer(ServletWebServerApplicationContext.java:193) ~[spring-boot-3.4.5.jar:3.4.5]
	at org.springframework.boot.web.servlet.context.ServletWebServerApplicationContext.onRefresh(ServletWebServerApplicationContext.java:167) ~[spring-boot-3.4.5.jar:3.4.5]
	... 8 common frames omitted
Caused by: org.springframework.beans.factory.UnsatisfiedDependencyException: Error creating bean with name 'JWTFilter' defined in file [C:\Users\Aqura\IdeaProjects\SpringSecurity-\target\classes\com\spring\security\jwt\JWTFilter.class]: Unsatisfied dependency expressed through constructor parameter 1: Error creating bean with name 'securityConfiguration' defined in file [C:\Users\Aqura\IdeaProjects\SpringSecurity-\target\classes\com\spring\security\configuration\SecurityConfiguration.class]: Unsatisfied dependency expressed through constructor parameter 0: Error creating bean with name 'userRepository' defined in com.spring.security.user.repository.UserRepository defined in @EnableJpaRepositories declared on JpaRepositoriesRegistrar.EnableJpaRepositoriesConfiguration: Cannot resolve reference to bean 'jpaSharedEM_entityManagerFactory' while setting bean property 'entityManager'
	at org.springframework.beans.factory.support.ConstructorResolver.createArgumentArray(ConstructorResolver.java:804) ~[spring-beans-6.2.6.jar:6.2.6]
	at org.springframework.beans.factory.support.ConstructorResolver.autowireConstructor(ConstructorResolver.java:240) ~[spring-beans-6.2.6.jar:6.2.6]
	at org.springframework.beans.factory.support.AbstractAutowireCapableBeanFactory.autowireConstructor(AbstractAutowireCapableBeanFactory.java:1387) ~[spring-beans-6.2.6.jar:6.2.6]
	at org.springframework.beans.factory.support.AbstractAutowireCapableBeanFactory.createBeanInstance(AbstractAutowireCapableBeanFactory.java:1224) ~[spring-beans-6.2.6.jar:6.2.6]
	at org.springframework.beans.factory.support.AbstractAutowireCapableBeanFactory.doCreateBean(AbstractAutowireCapableBeanFactory.java:569) ~[spring-beans-6.2.6.jar:6.2.6]
	at org.springframework.beans.factory.support.AbstractAutowireCapableBeanFactory.createBean(AbstractAutowireCapableBeanFactory.java:529) ~[spring-beans-6.2.6.jar:6.2.6]
	at org.springframework.beans.factory.support.AbstractBeanFactory.lambda$doGetBean$0(AbstractBeanFactory.java:339) ~[spring-beans-6.2.6.jar:6.2.6]
	at org.springframework.beans.factory.support.DefaultSingletonBeanRegistry.getSingleton(DefaultSingletonBeanRegistry.java:371) ~[spring-beans-6.2.6.jar:6.2.6]
	at org.springframework.beans.factory.support.AbstractBeanFactory.doGetBean(AbstractBeanFactory.java:337) ~[spring-beans-6.2.6.jar:6.2.6]
	at org.springframework.beans.factory.support.AbstractBeanFactory.getBean(AbstractBeanFactory.java:207) ~[spring-beans-6.2.6.jar:6.2.6]
	at org.springframework.boot.web.servlet.ServletContextInitializerBeans.getOrderedBeansOfType(ServletContextInitializerBeans.java:211) ~[spring-boot-3.4.5.jar:3.4.5]
	at org.springframework.boot.web.servlet.ServletContextInitializerBeans.addAsRegistrationBean(ServletContextInitializerBeans.java:174) ~[spring-boot-3.4.5.jar:3.4.5]
	at org.springframework.boot.web.servlet.ServletContextInitializerBeans.addAsRegistrationBean(ServletContextInitializerBeans.java:169) ~[spring-boot-3.4.5.jar:3.4.5]
	at org.springframework.boot.web.servlet.ServletContextInitializerBeans.addAdaptableBeans(ServletContextInitializerBeans.java:154) ~[spring-boot-3.4.5.jar:3.4.5]
	at org.springframework.boot.web.servlet.ServletContextInitializerBeans.<init>(ServletContextInitializerBeans.java:87) ~[spring-boot-3.4.5.jar:3.4.5]
	at org.springframework.boot.web.servlet.context.ServletWebServerApplicationContext.getServletContextInitializerBeans(ServletWebServerApplicationContext.java:271) ~[spring-boot-3.4.5.jar:3.4.5]
	at org.springframework.boot.web.servlet.context.ServletWebServerApplicationContext.selfInitialize(ServletWebServerApplicationContext.java:245) ~[spring-boot-3.4.5.jar:3.4.5]
	at org.springframework.boot.web.embedded.tomcat.TomcatStarter.onStartup(TomcatStarter.java:52) ~[spring-boot-3.4.5.jar:3.4.5]
	at org.apache.catalina.core.StandardContext.startInternal(StandardContext.java:4464) ~[tomcat-embed-core-10.1.40.jar:10.1.40]
	at org.apache.catalina.util.LifecycleBase.start(LifecycleBase.java:164) ~[tomcat-embed-core-10.1.40.jar:10.1.40]
	at org.apache.catalina.core.ContainerBase$StartChild.call(ContainerBase.java:1203) ~[tomcat-embed-core-10.1.40.jar:10.1.40]
	at org.apache.catalina.core.ContainerBase$StartChild.call(ContainerBase.java:1193) ~[tomcat-embed-core-10.1.40.jar:10.1.40]
	at java.base/java.util.concurrent.FutureTask.run(FutureTask.java:317) ~[na:na]
	at org.apache.tomcat.util.threads.InlineExecutorService.execute(InlineExecutorService.java:75) ~[tomcat-embed-core-10.1.40.jar:10.1.40]
	at java.base/java.util.concurrent.AbstractExecutorService.submit(AbstractExecutorService.java:148) ~[na:na]
	at org.apache.catalina.core.ContainerBase.startInternal(ContainerBase.java:749) ~[tomcat-embed-core-10.1.40.jar:10.1.40]
	at org.apache.catalina.core.StandardHost.startInternal(StandardHost.java:772) ~[tomcat-embed-core-10.1.40.jar:10.1.40]
	at org.apache.catalina.util.LifecycleBase.start(LifecycleBase.java:164) ~[tomcat-embed-core-10.1.40.jar:10.1.40]
	at org.apache.catalina.core.ContainerBase$StartChild.call(ContainerBase.java:1203) ~[tomcat-embed-core-10.1.40.jar:10.1.40]
	at org.apache.catalina.core.ContainerBase$StartChild.call(ContainerBase.java:1193) ~[tomcat-embed-core-10.1.40.jar:10.1.40]
	at java.base/java.util.concurrent.FutureTask.run(FutureTask.java:317) ~[na:na]
	at org.apache.tomcat.util.threads.InlineExecutorService.execute(InlineExecutorService.java:75) ~[tomcat-embed-core-10.1.40.jar:10.1.40]
	at java.base/java.util.concurrent.AbstractExecutorService.submit(AbstractExecutorService.java:148) ~[na:na]
	at org.apache.catalina.core.ContainerBase.startInternal(ContainerBase.java:749) ~[tomcat-embed-core-10.1.40.jar:10.1.40]
	at org.apache.catalina.core.StandardEngine.startInternal(StandardEngine.java:203) ~[tomcat-embed-core-10.1.40.jar:10.1.40]
	at org.apache.catalina.util.LifecycleBase.start(LifecycleBase.java:164) ~[tomcat-embed-core-10.1.40.jar:10.1.40]
	at org.apache.catalina.core.StandardService.startInternal(StandardService.java:412) ~[tomcat-embed-core-10.1.40.jar:10.1.40]
	at org.apache.catalina.util.LifecycleBase.start(LifecycleBase.java:164) ~[tomcat-embed-core-10.1.40.jar:10.1.40]
	at org.apache.catalina.core.StandardServer.startInternal(StandardServer.java:870) ~[tomcat-embed-core-10.1.40.jar:10.1.40]
	at org.apache.catalina.util.LifecycleBase.start(LifecycleBase.java:164) ~[tomcat-embed-core-10.1.40.jar:10.1.40]
	at org.apache.catalina.startup.Tomcat.start(Tomcat.java:438) ~[tomcat-embed-core-10.1.40.jar:10.1.40]
	at org.springframework.boot.web.embedded.tomcat.TomcatWebServer.initialize(TomcatWebServer.java:128) ~[spring-boot-3.4.5.jar:3.4.5]
	... 13 common frames omitted
Caused by: org.springframework.beans.factory.UnsatisfiedDependencyException: Error creating bean with name 'securityConfiguration' defined in file [C:\Users\Aqura\IdeaProjects\SpringSecurity-\target\classes\com\spring\security\configuration\SecurityConfiguration.class]: Unsatisfied dependency expressed through constructor parameter 0: Error creating bean with name 'userRepository' defined in com.spring.security.user.repository.UserRepository defined in @EnableJpaRepositories declared on JpaRepositoriesRegistrar.EnableJpaRepositoriesConfiguration: Cannot resolve reference to bean 'jpaSharedEM_entityManagerFactory' while setting bean property 'entityManager'
	at org.springframework.beans.factory.support.ConstructorResolver.createArgumentArray(ConstructorResolver.java:804) ~[spring-beans-6.2.6.jar:6.2.6]
	at org.springframework.beans.factory.support.ConstructorResolver.autowireConstructor(ConstructorResolver.java:240) ~[spring-beans-6.2.6.jar:6.2.6]
	at org.springframework.beans.factory.support.AbstractAutowireCapableBeanFactory.autowireConstructor(AbstractAutowireCapableBeanFactory.java:1387) ~[spring-beans-6.2.6.jar:6.2.6]
	at org.springframework.beans.factory.support.AbstractAutowireCapableBeanFactory.createBeanInstance(AbstractAutowireCapableBeanFactory.java:1224) ~[spring-beans-6.2.6.jar:6.2.6]
	at org.springframework.beans.factory.support.AbstractAutowireCapableBeanFactory.doCreateBean(AbstractAutowireCapableBeanFactory.java:569) ~[spring-beans-6.2.6.jar:6.2.6]
	at org.springframework.beans.factory.support.AbstractAutowireCapableBeanFactory.createBean(AbstractAutowireCapableBeanFactory.java:529) ~[spring-beans-6.2.6.jar:6.2.6]
	at org.springframework.beans.factory.support.AbstractBeanFactory.lambda$doGetBean$0(AbstractBeanFactory.java:339) ~[spring-beans-6.2.6.jar:6.2.6]
	at org.springframework.beans.factory.support.DefaultSingletonBeanRegistry.getSingleton(DefaultSingletonBeanRegistry.java:371) ~[spring-beans-6.2.6.jar:6.2.6]
	at org.springframework.beans.factory.support.AbstractBeanFactory.doGetBean(AbstractBeanFactory.java:337) ~[spring-beans-6.2.6.jar:6.2.6]
	at org.springframework.beans.factory.support.AbstractBeanFactory.getBean(AbstractBeanFactory.java:202) ~[spring-beans-6.2.6.jar:6.2.6]
	at org.springframework.beans.factory.support.ConstructorResolver.instantiateUsingFactoryMethod(ConstructorResolver.java:413) ~[spring-beans-6.2.6.jar:6.2.6]
	at org.springframework.beans.factory.support.AbstractAutowireCapableBeanFactory.instantiateUsingFactoryMethod(AbstractAutowireCapableBeanFactory.java:1367) ~[spring-beans-6.2.6.jar:6.2.6]
	at org.springframework.beans.factory.support.AbstractAutowireCapableBeanFactory.createBeanInstance(AbstractAutowireCapableBeanFactory.java:1197) ~[spring-beans-6.2.6.jar:6.2.6]
	at org.springframework.beans.factory.support.AbstractAutowireCapableBeanFactory.doCreateBean(AbstractAutowireCapableBeanFactory.java:569) ~[spring-beans-6.2.6.jar:6.2.6]
	at org.springframework.beans.factory.support.AbstractAutowireCapableBeanFactory.createBean(AbstractAutowireCapableBeanFactory.java:529) ~[spring-beans-6.2.6.jar:6.2.6]
	at org.springframework.beans.factory.support.AbstractBeanFactory.lambda$doGetBean$0(AbstractBeanFactory.java:339) ~[spring-beans-6.2.6.jar:6.2.6]
	at org.springframework.beans.factory.support.DefaultSingletonBeanRegistry.getSingleton(DefaultSingletonBeanRegistry.java:371) ~[spring-beans-6.2.6.jar:6.2.6]
	at org.springframework.beans.factory.support.AbstractBeanFactory.doGetBean(AbstractBeanFactory.java:337) ~[spring-beans-6.2.6.jar:6.2.6]
	at org.springframework.beans.factory.support.AbstractBeanFactory.getBean(AbstractBeanFactory.java:202) ~[spring-beans-6.2.6.jar:6.2.6]
	at org.springframework.beans.factory.support.DefaultListableBeanFactory.doResolveDependency(DefaultListableBeanFactory.java:1681) ~[spring-beans-6.2.6.jar:6.2.6]
	at org.springframework.beans.factory.support.DefaultListableBeanFactory.resolveDependency(DefaultListableBeanFactory.java:1627) ~[spring-beans-6.2.6.jar:6.2.6]
	at org.springframework.beans.factory.support.ConstructorResolver.resolveAutowiredArgument(ConstructorResolver.java:913) ~[spring-beans-6.2.6.jar:6.2.6]
	at org.springframework.beans.factory.support.ConstructorResolver.createArgumentArray(ConstructorResolver.java:791) ~[spring-beans-6.2.6.jar:6.2.6]
	... 54 common frames omitted
Caused by: org.springframework.beans.factory.BeanCreationException: Error creating bean with name 'userRepository' defined in com.spring.security.user.repository.UserRepository defined in @EnableJpaRepositories declared on JpaRepositoriesRegistrar.EnableJpaRepositoriesConfiguration: Cannot resolve reference to bean 'jpaSharedEM_entityManagerFactory' while setting bean property 'entityManager'
	at org.springframework.beans.factory.support.BeanDefinitionValueResolver.resolveReference(BeanDefinitionValueResolver.java:377) ~[spring-beans-6.2.6.jar:6.2.6]
	at org.springframework.beans.factory.support.BeanDefinitionValueResolver.resolveValueIfNecessary(BeanDefinitionValueResolver.java:135) ~[spring-beans-6.2.6.jar:6.2.6]
	at org.springframework.beans.factory.support.AbstractAutowireCapableBeanFactory.applyPropertyValues(AbstractAutowireCapableBeanFactory.java:1717) ~[spring-beans-6.2.6.jar:6.2.6]
	at org.springframework.beans.factory.support.AbstractAutowireCapableBeanFactory.populateBean(AbstractAutowireCapableBeanFactory.java:1466) ~[spring-beans-6.2.6.jar:6.2.6]
	at org.springframework.beans.factory.support.AbstractAutowireCapableBeanFactory.doCreateBean(AbstractAutowireCapableBeanFactory.java:606) ~[spring-beans-6.2.6.jar:6.2.6]
	at org.springframework.beans.factory.support.AbstractAutowireCapableBeanFactory.createBean(AbstractAutowireCapableBeanFactory.java:529) ~[spring-beans-6.2.6.jar:6.2.6]
	at org.springframework.beans.factory.support.AbstractBeanFactory.lambda$doGetBean$0(AbstractBeanFactory.java:339) ~[spring-beans-6.2.6.jar:6.2.6]
	at org.springframework.beans.factory.support.DefaultSingletonBeanRegistry.getSingleton(DefaultSingletonBeanRegistry.java:371) ~[spring-beans-6.2.6.jar:6.2.6]
	at org.springframework.beans.factory.support.AbstractBeanFactory.doGetBean(AbstractBeanFactory.java:337) ~[spring-beans-6.2.6.jar:6.2.6]
	at org.springframework.beans.factory.support.AbstractBeanFactory.getBean(AbstractBeanFactory.java:202) ~[spring-beans-6.2.6.jar:6.2.6]
	at org.springframework.beans.factory.support.DefaultListableBeanFactory.doResolveDependency(DefaultListableBeanFactory.java:1681) ~[spring-beans-6.2.6.jar:6.2.6]
	at org.springframework.beans.factory.support.DefaultListableBeanFactory.resolveDependency(DefaultListableBeanFactory.java:1627) ~[spring-beans-6.2.6.jar:6.2.6]
	at org.springframework.beans.factory.support.ConstructorResolver.resolveAutowiredArgument(ConstructorResolver.java:913) ~[spring-beans-6.2.6.jar:6.2.6]
	at org.springframework.beans.factory.support.ConstructorResolver.createArgumentArray(ConstructorResolver.java:791) ~[spring-beans-6.2.6.jar:6.2.6]
	... 76 common frames omitted
Caused by: org.springframework.beans.factory.BeanCreationException: Error creating bean with name 'jpaSharedEM_entityManagerFactory': Cannot resolve reference to bean 'entityManagerFactory' while setting constructor argument
	at org.springframework.beans.factory.support.BeanDefinitionValueResolver.resolveReference(BeanDefinitionValueResolver.java:377) ~[spring-beans-6.2.6.jar:6.2.6]
	at org.springframework.beans.factory.support.BeanDefinitionValueResolver.resolveValueIfNecessary(BeanDefinitionValueResolver.java:135) ~[spring-beans-6.2.6.jar:6.2.6]
	at org.springframework.beans.factory.support.ConstructorResolver.resolveConstructorArguments(ConstructorResolver.java:691) ~[spring-beans-6.2.6.jar:6.2.6]
	at org.springframework.beans.factory.support.ConstructorResolver.instantiateUsingFactoryMethod(ConstructorResolver.java:513) ~[spring-beans-6.2.6.jar:6.2.6]
	at org.springframework.beans.factory.support.AbstractAutowireCapableBeanFactory.instantiateUsingFactoryMethod(AbstractAutowireCapableBeanFactory.java:1367) ~[spring-beans-6.2.6.jar:6.2.6]
	at org.springframework.beans.factory.support.AbstractAutowireCapableBeanFactory.createBeanInstance(AbstractAutowireCapableBeanFactory.java:1197) ~[spring-beans-6.2.6.jar:6.2.6]
	at org.springframework.beans.factory.support.AbstractAutowireCapableBeanFactory.doCreateBean(AbstractAutowireCapableBeanFactory.java:569) ~[spring-beans-6.2.6.jar:6.2.6]
	at org.springframework.beans.factory.support.AbstractAutowireCapableBeanFactory.createBean(AbstractAutowireCapableBeanFactory.java:529) ~[spring-beans-6.2.6.jar:6.2.6]
	at org.springframework.beans.factory.support.AbstractBeanFactory.lambda$doGetBean$0(AbstractBeanFactory.java:339) ~[spring-beans-6.2.6.jar:6.2.6]
	at org.springframework.beans.factory.support.DefaultSingletonBeanRegistry.getSingleton(DefaultSingletonBeanRegistry.java:371) ~[spring-beans-6.2.6.jar:6.2.6]
	at org.springframework.beans.factory.support.AbstractBeanFactory.doGetBean(AbstractBeanFactory.java:337) ~[spring-beans-6.2.6.jar:6.2.6]
	at org.springframework.beans.factory.support.AbstractBeanFactory.getBean(AbstractBeanFactory.java:202) ~[spring-beans-6.2.6.jar:6.2.6]
	at org.springframework.beans.factory.support.BeanDefinitionValueResolver.resolveReference(BeanDefinitionValueResolver.java:365) ~[spring-beans-6.2.6.jar:6.2.6]
	... 89 common frames omitted
Caused by: org.springframework.beans.factory.BeanCreationException: Error creating bean with name 'entityManagerFactory' defined in class path resource [org/springframework/boot/autoconfigure/orm/jpa/HibernateJpaConfiguration.class]: Unable to build Hibernate SessionFactory  [persistence unit: default] ; nested exception is org.hibernate.exception.JDBCConnectionException: Unable to open JDBC Connection for DDL execution [Подсоединение по адресу localhost:5433 отклонено. Проверьте что хост и порт указаны правильно и что postmaster принимает TCP/IP-подсоединения.] [n/a]
	at org.springframework.beans.factory.support.AbstractAutowireCapableBeanFactory.initializeBean(AbstractAutowireCapableBeanFactory.java:1818) ~[spring-beans-6.2.6.jar:6.2.6]
	at org.springframework.beans.factory.support.AbstractAutowireCapableBeanFactory.doCreateBean(AbstractAutowireCapableBeanFactory.java:607) ~[spring-beans-6.2.6.jar:6.2.6]
	at org.springframework.beans.factory.support.AbstractAutowireCapableBeanFactory.createBean(AbstractAutowireCapableBeanFactory.java:529) ~[spring-beans-6.2.6.jar:6.2.6]
	at org.springframework.beans.factory.support.AbstractBeanFactory.lambda$doGetBean$0(AbstractBeanFactory.java:339) ~[spring-beans-6.2.6.jar:6.2.6]
	at org.springframework.beans.factory.support.DefaultSingletonBeanRegistry.getSingleton(DefaultSingletonBeanRegistry.java:371) ~[spring-beans-6.2.6.jar:6.2.6]
	at org.springframework.beans.factory.support.AbstractBeanFactory.doGetBean(AbstractBeanFactory.java:337) ~[spring-beans-6.2.6.jar:6.2.6]
	at org.springframework.beans.factory.support.AbstractBeanFactory.getBean(AbstractBeanFactory.java:202) ~[spring-beans-6.2.6.jar:6.2.6]
	at org.springframework.beans.factory.support.BeanDefinitionValueResolver.resolveReference(BeanDefinitionValueResolver.java:365) ~[spring-beans-6.2.6.jar:6.2.6]
	... 101 common frames omitted
Caused by: jakarta.persistence.PersistenceException: Unable to build Hibernate SessionFactory  [persistence unit: default] ; nested exception is org.hibernate.exception.JDBCConnectionException: Unable to open JDBC Connection for DDL execution [Подсоединение по адресу localhost:5433 отклонено. Проверьте что хост и порт указаны правильно и что postmaster принимает TCP/IP-подсоединения.] [n/a]
	at org.springframework.orm.jpa.AbstractEntityManagerFactoryBean.buildNativeEntityManagerFactory(AbstractEntityManagerFactoryBean.java:431) ~[spring-orm-6.2.6.jar:6.2.6]
	at org.springframework.orm.jpa.AbstractEntityManagerFactoryBean.afterPropertiesSet(AbstractEntityManagerFactoryBean.java:400) ~[spring-orm-6.2.6.jar:6.2.6]
	at org.springframework.orm.jpa.LocalContainerEntityManagerFactoryBean.afterPropertiesSet(LocalContainerEntityManagerFactoryBean.java:366) ~[spring-orm-6.2.6.jar:6.2.6]
	at org.springframework.beans.factory.support.AbstractAutowireCapableBeanFactory.invokeInitMethods(AbstractAutowireCapableBeanFactory.java:1865) ~[spring-beans-6.2.6.jar:6.2.6]
	at org.springframework.beans.factory.support.AbstractAutowireCapableBeanFactory.initializeBean(AbstractAutowireCapableBeanFactory.java:1814) ~[spring-beans-6.2.6.jar:6.2.6]
	... 108 common frames omitted
Caused by: org.hibernate.exception.JDBCConnectionException: Unable to open JDBC Connection for DDL execution [Подсоединение по адресу localhost:5433 отклонено. Проверьте что хост и порт указаны правильно и что postmaster принимает TCP/IP-подсоединения.] [n/a]
	at org.hibernate.exception.internal.SQLStateConversionDelegate.convert(SQLStateConversionDelegate.java:80) ~[hibernate-core-7.0.0.Final.jar:7.0.0.Final]
	at org.hibernate.exception.internal.StandardSQLExceptionConverter.convert(StandardSQLExceptionConverter.java:34) ~[hibernate-core-7.0.0.Final.jar:7.0.0.Final]
	at org.hibernate.engine.jdbc.spi.SqlExceptionHelper.convert(SqlExceptionHelper.java:115) ~[hibernate-core-7.0.0.Final.jar:7.0.0.Final]
	at org.hibernate.engine.jdbc.spi.SqlExceptionHelper.convert(SqlExceptionHelper.java:101) ~[hibernate-core-7.0.0.Final.jar:7.0.0.Final]
	at org.hibernate.resource.transaction.backend.jdbc.internal.DdlTransactionIsolatorNonJtaImpl.getIsolatedConnection(DdlTransactionIsolatorNonJtaImpl.java:72) ~[hibernate-core-7.0.0.Final.jar:7.0.0.Final]
	at org.hibernate.resource.transaction.backend.jdbc.internal.DdlTransactionIsolatorNonJtaImpl.getIsolatedConnection(DdlTransactionIsolatorNonJtaImpl.java:37) ~[hibernate-core-7.0.0.Final.jar:7.0.0.Final]
	at org.hibernate.tool.schema.internal.exec.ImprovedExtractionContextImpl.getJdbcConnection(ImprovedExtractionContextImpl.java:61) ~[hibernate-core-7.0.0.Final.jar:7.0.0.Final]
	at org.hibernate.tool.schema.extract.spi.ExtractionContext.getQueryResults(ExtractionContext.java:41) ~[hibernate-core-7.0.0.Final.jar:7.0.0.Final]
	at org.hibernate.tool.schema.extract.internal.SequenceInformationExtractorLegacyImpl.extractMetadata(SequenceInformationExtractorLegacyImpl.java:36) ~[hibernate-core-7.0.0.Final.jar:7.0.0.Final]
	at org.hibernate.tool.schema.extract.internal.DatabaseInformationImpl.initializeSequences(DatabaseInformationImpl.java:64) ~[hibernate-core-7.0.0.Final.jar:7.0.0.Final]
	at org.hibernate.tool.schema.extract.internal.DatabaseInformationImpl.<init>(DatabaseInformationImpl.java:58) ~[hibernate-core-7.0.0.Final.jar:7.0.0.Final]
	at org.hibernate.tool.schema.internal.Helper.buildDatabaseInformation(Helper.java:178) ~[hibernate-core-7.0.0.Final.jar:7.0.0.Final]
	at org.hibernate.tool.schema.internal.AbstractSchemaMigrator.doMigration(AbstractSchemaMigrator.java:90) ~[hibernate-core-7.0.0.Final.jar:7.0.0.Final]
	at org.hibernate.tool.schema.spi.SchemaManagementToolCoordinator.performDatabaseAction(SchemaManagementToolCoordinator.java:267) ~[hibernate-core-7.0.0.Final.jar:7.0.0.Final]
	at org.hibernate.tool.schema.spi.SchemaManagementToolCoordinator.lambda$process$5(SchemaManagementToolCoordinator.java:142) ~[hibernate-core-7.0.0.Final.jar:7.0.0.Final]
	at java.base/java.util.HashMap.forEach(HashMap.java:1430) ~[na:na]
	at org.hibernate.tool.schema.spi.SchemaManagementToolCoordinator.process(SchemaManagementToolCoordinator.java:139) ~[hibernate-core-7.0.0.Final.jar:7.0.0.Final]
	at org.hibernate.boot.internal.SessionFactoryObserverForSchemaExport.sessionFactoryCreated(SessionFactoryObserverForSchemaExport.java:35) ~[hibernate-core-7.0.0.Final.jar:7.0.0.Final]
	at org.hibernate.internal.SessionFactoryObserverChain.sessionFactoryCreated(SessionFactoryObserverChain.java:33) ~[hibernate-core-7.0.0.Final.jar:7.0.0.Final]
	at org.hibernate.internal.SessionFactoryImpl.<init>(SessionFactoryImpl.java:350) ~[hibernate-core-7.0.0.Final.jar:7.0.0.Final]
	at org.hibernate.boot.internal.SessionFactoryBuilderImpl.build(SessionFactoryBuilderImpl.java:430) ~[hibernate-core-7.0.0.Final.jar:7.0.0.Final]
	at org.hibernate.jpa.boot.internal.EntityManagerFactoryBuilderImpl.build(EntityManagerFactoryBuilderImpl.java:1477) ~[hibernate-core-7.0.0.Final.jar:7.0.0.Final]
	at org.springframework.orm.jpa.vendor.SpringHibernateJpaPersistenceProvider.createContainerEntityManagerFactory(SpringHibernateJpaPersistenceProvider.java:66) ~[spring-orm-6.2.6.jar:6.2.6]
	at org.springframework.orm.jpa.LocalContainerEntityManagerFactoryBean.createNativeEntityManagerFactory(LocalContainerEntityManagerFactoryBean.java:390) ~[spring-orm-6.2.6.jar:6.2.6]
	at org.springframework.orm.jpa.AbstractEntityManagerFactoryBean.buildNativeEntityManagerFactory(AbstractEntityManagerFactoryBean.java:419) ~[spring-orm-6.2.6.jar:6.2.6]
	... 112 common frames omitted
Caused by: org.postgresql.util.PSQLException: Подсоединение по адресу localhost:5433 отклонено. Проверьте что хост и порт указаны правильно и что postmaster принимает TCP/IP-подсоединения.
	at org.postgresql.core.v3.ConnectionFactoryImpl.openConnectionImpl(ConnectionFactoryImpl.java:352) ~[postgresql-42.7.5.jar:42.7.5]
	at org.postgresql.core.ConnectionFactory.openConnection(ConnectionFactory.java:54) ~[postgresql-42.7.5.jar:42.7.5]
	at org.postgresql.jdbc.PgConnection.<init>(PgConnection.java:273) ~[postgresql-42.7.5.jar:42.7.5]
	at org.postgresql.Driver.makeConnection(Driver.java:446) ~[postgresql-42.7.5.jar:42.7.5]
	at org.postgresql.Driver.connect(Driver.java:298) ~[postgresql-42.7.5.jar:42.7.5]
	at com.zaxxer.hikari.util.DriverDataSource.getConnection(DriverDataSource.java:139) ~[HikariCP-6.3.0.jar:na]
	at com.zaxxer.hikari.pool.PoolBase.newConnection(PoolBase.java:368) ~[HikariCP-6.3.0.jar:na]
	at com.zaxxer.hikari.pool.PoolBase.newPoolEntry(PoolBase.java:205) ~[HikariCP-6.3.0.jar:na]
	at com.zaxxer.hikari.pool.HikariPool.createPoolEntry(HikariPool.java:483) ~[HikariCP-6.3.0.jar:na]
	at com.zaxxer.hikari.pool.HikariPool.checkFailFast(HikariPool.java:571) ~[HikariCP-6.3.0.jar:na]
	at com.zaxxer.hikari.pool.HikariPool.<init>(HikariPool.java:101) ~[HikariCP-6.3.0.jar:na]
	at com.zaxxer.hikari.HikariDataSource.getConnection(HikariDataSource.java:111) ~[HikariCP-6.3.0.jar:na]
	at org.hibernate.engine.jdbc.connections.internal.DatasourceConnectionProviderImpl.getConnection(DatasourceConnectionProviderImpl.java:140) ~[hibernate-core-7.0.0.Final.jar:7.0.0.Final]
	at org.hibernate.engine.jdbc.env.internal.JdbcEnvironmentInitiator$ConnectionProviderJdbcConnectionAccess.obtainConnection(JdbcEnvironmentInitiator.java:503) ~[hibernate-core-7.0.0.Final.jar:7.0.0.Final]
	at org.hibernate.resource.transaction.backend.jdbc.internal.DdlTransactionIsolatorNonJtaImpl.getIsolatedConnection(DdlTransactionIsolatorNonJtaImpl.java:44) ~[hibernate-core-7.0.0.Final.jar:7.0.0.Final]
	... 132 common frames omitted
Caused by: java.net.ConnectException: Connection refused: getsockopt
	at java.base/sun.nio.ch.Net.pollConnect(Native Method) ~[na:na]
	at java.base/sun.nio.ch.Net.pollConnectNow(Net.java:682) ~[na:na]
	at java.base/sun.nio.ch.NioSocketImpl.timedFinishConnect(NioSocketImpl.java:542) ~[na:na]
	at java.base/sun.nio.ch.NioSocketImpl.connect(NioSocketImpl.java:592) ~[na:na]
	at java.base/java.net.SocksSocketImpl.connect(SocksSocketImpl.java:327) ~[na:na]
	at java.base/java.net.Socket.connect(Socket.java:760) ~[na:na]
	at org.postgresql.core.PGStream.createSocket(PGStream.java:260) ~[postgresql-42.7.5.jar:42.7.5]
	at org.postgresql.core.PGStream.<init>(PGStream.java:121) ~[postgresql-42.7.5.jar:42.7.5]
	at org.postgresql.core.v3.ConnectionFactoryImpl.tryConnect(ConnectionFactoryImpl.java:140) ~[postgresql-42.7.5.jar:42.7.5]
	at org.postgresql.core.v3.ConnectionFactoryImpl.openConnectionImpl(ConnectionFactoryImpl.java:268) ~[postgresql-42.7.5.jar:42.7.5]
	... 146 common frames omitted

2025-05-26T12:30:58.751+02:00  INFO 19656 --- [springsecurity] [main] c.s.security.SpringSecurityApplication   : Starting SpringSecurityApplication using Java 23.0.2 with PID 19656 (C:\Users\Aqura\IdeaProjects\SpringSecurity-\target\classes started by Aqura in C:\Users\Aqura\IdeaProjects\SpringSecurity-)
2025-05-26T12:30:58.752+02:00  INFO 19656 --- [springsecurity] [main] c.s.security.SpringSecurityApplication   : No active profile set, falling back to 1 default profile: "default"
2025-05-26T12:30:59.351+02:00  INFO 19656 --- [springsecurity] [main] .s.d.r.c.RepositoryConfigurationDelegate : Bootstrapping Spring Data JPA repositories in DEFAULT mode.
2025-05-26T12:30:59.409+02:00  INFO 19656 --- [springsecurity] [main] .s.d.r.c.RepositoryConfigurationDelegate : Finished Spring Data repository scanning in 49 ms. Found 2 JPA repository interfaces.
2025-05-26T12:30:59.565+02:00  INFO 19656 --- [springsecurity] [main] o.s.cloud.context.scope.GenericScope     : BeanFactory id=6e3c1655-2e71-3da6-a4df-d053659b2bdc
2025-05-26T12:30:59.884+02:00  INFO 19656 --- [springsecurity] [main] o.s.b.w.embedded.tomcat.TomcatWebServer  : Tomcat initialized with port 8080 (http)
2025-05-26T12:30:59.896+02:00  INFO 19656 --- [springsecurity] [main] o.apache.catalina.core.StandardService   : Starting service [Tomcat]
2025-05-26T12:30:59.896+02:00  INFO 19656 --- [springsecurity] [main] o.apache.catalina.core.StandardEngine    : Starting Servlet engine: [Apache Tomcat/10.1.40]
2025-05-26T12:30:59.947+02:00  INFO 19656 --- [springsecurity] [main] o.a.c.c.C.[Tomcat].[localhost].[/]       : Initializing Spring embedded WebApplicationContext
2025-05-26T12:30:59.948+02:00  INFO 19656 --- [springsecurity] [main] w.s.c.ServletWebServerApplicationContext : Root WebApplicationContext: initialization completed in 1145 ms
2025-05-26T12:31:00.080+02:00  INFO 19656 --- [springsecurity] [main] o.hibernate.jpa.internal.util.LogHelper  : HHH000204: Processing PersistenceUnitInfo [name: default]
2025-05-26T12:31:00.133+02:00  INFO 19656 --- [springsecurity] [main] org.hibernate.Version                    : HHH000412: Hibernate ORM core version 7.0.0.Final
2025-05-26T12:31:00.573+02:00  INFO 19656 --- [springsecurity] [main] o.s.o.j.p.SpringPersistenceUnitInfo      : No LoadTimeWeaver setup: ignoring JPA class transformer
2025-05-26T12:31:00.603+02:00  INFO 19656 --- [springsecurity] [main] com.zaxxer.hikari.HikariDataSource       : HikariPool - Starting...
2025-05-26T12:31:00.781+02:00  INFO 19656 --- [springsecurity] [main] com.zaxxer.hikari.pool.HikariPool        : HikariPool - Added connection org.postgresql.jdbc.PgConnection@552bee2f
2025-05-26T12:31:00.782+02:00  INFO 19656 --- [springsecurity] [main] com.zaxxer.hikari.HikariDataSource       : HikariPool - Start completed.
2025-05-26T12:31:00.831+02:00  WARN 19656 --- [springsecurity] [main] org.hibernate.orm.deprecation            : HHH90000025: PostgreSQLDialect does not need to be specified explicitly using 'hibernate.dialect' (remove the property setting and it will be selected by default)
2025-05-26T12:31:00.857+02:00  INFO 19656 --- [springsecurity] [main] org.hibernate.orm.connections.pooling    : HHH10001005: Database info:
	Database JDBC URL [jdbc:postgresql://localhost:5433/postgres]
	Database driver: PostgreSQL JDBC Driver
	Database version: 17.4
	Autocommit mode: undefined/unknown
	Isolation level: READ_COMMITTED [default READ_COMMITTED]
	Pool: DatasourceConnectionProviderImpl
	Minimum pool size: undefined/unknown
	Maximum pool size: undefined/unknown
2025-05-26T12:31:01.658+02:00  INFO 19656 --- [springsecurity] [main] o.h.e.t.j.p.i.JtaPlatformInitiator       : HHH000489: No JTA platform available (set 'hibernate.transaction.jta.platform' to enable JTA platform integration)
2025-05-26T12:31:01.737+02:00 DEBUG 19656 --- [springsecurity] [main] org.hibernate.SQL                        : 
    create table roles (
        role_id bigint generated by default as identity,
        default boolean,
        name varchar(255) not null,
        primary key (role_id)
    )
2025-05-26T12:31:01.743+02:00  WARN 19656 --- [springsecurity] [main] o.h.t.s.i.ExceptionHandlerLoggedImpl     : GenerationTarget encountered exception accepting command : Error executing DDL "
    create table roles (
        role_id bigint generated by default as identity,
        default boolean,
        name varchar(255) not null,
        primary key (role_id)
    )" via JDBC [ERROR: syntax error at or near "default"
  Позиция: 95]

org.hibernate.tool.schema.spi.CommandAcceptanceException: Error executing DDL "
    create table roles (
        role_id bigint generated by default as identity,
        default boolean,
        name varchar(255) not null,
        primary key (role_id)
    )" via JDBC [ERROR: syntax error at or near "default"
  Позиция: 95]
	at org.hibernate.tool.schema.internal.exec.GenerationTargetToDatabase.accept(GenerationTargetToDatabase.java:93) ~[hibernate-core-7.0.0.Final.jar:7.0.0.Final]
	at org.hibernate.tool.schema.internal.AbstractSchemaMigrator.applySqlString(AbstractSchemaMigrator.java:573) ~[hibernate-core-7.0.0.Final.jar:7.0.0.Final]
	at org.hibernate.tool.schema.internal.AbstractSchemaMigrator.applySqlStrings(AbstractSchemaMigrator.java:513) ~[hibernate-core-7.0.0.Final.jar:7.0.0.Final]
	at org.hibernate.tool.schema.internal.AbstractSchemaMigrator.createTable(AbstractSchemaMigrator.java:313) ~[hibernate-core-7.0.0.Final.jar:7.0.0.Final]
	at org.hibernate.tool.schema.internal.GroupedSchemaMigratorImpl.performTablesMigration(GroupedSchemaMigratorImpl.java:78) ~[hibernate-core-7.0.0.Final.jar:7.0.0.Final]
	at org.hibernate.tool.schema.internal.AbstractSchemaMigrator.performMigration(AbstractSchemaMigrator.java:230) ~[hibernate-core-7.0.0.Final.jar:7.0.0.Final]
	at org.hibernate.tool.schema.internal.AbstractSchemaMigrator.doMigration(AbstractSchemaMigrator.java:109) ~[hibernate-core-7.0.0.Final.jar:7.0.0.Final]
	at org.hibernate.tool.schema.spi.SchemaManagementToolCoordinator.performDatabaseAction(SchemaManagementToolCoordinator.java:267) ~[hibernate-core-7.0.0.Final.jar:7.0.0.Final]
	at org.hibernate.tool.schema.spi.SchemaManagementToolCoordinator.lambda$process$5(SchemaManagementToolCoordinator.java:142) ~[hibernate-core-7.0.0.Final.jar:7.0.0.Final]
	at java.base/java.util.HashMap.forEach(HashMap.java:1430) ~[na:na]
	at org.hibernate.tool.schema.spi.SchemaManagementToolCoordinator.process(SchemaManagementToolCoordinator.java:139) ~[hibernate-core-7.0.0.Final.jar:7.0.0.Final]
	at org.hibernate.boot.internal.SessionFactoryObserverForSchemaExport.sessionFactoryCreated(SessionFactoryObserverForSchemaExport.java:35) ~[hibernate-core-7.0.0.Final.jar:7.0.0.Final]
	at org.hibernate.internal.SessionFactoryObserverChain.sessionFactoryCreated(SessionFactoryObserverChain.java:33) ~[hibernate-core-7.0.0.Final.jar:7.0.0.Final]
	at org.hibernate.internal.SessionFactoryImpl.<init>(SessionFactoryImpl.java:350) ~[hibernate-core-7.0.0.Final.jar:7.0.0.Final]
	at org.hibernate.boot.internal.SessionFactoryBuilderImpl.build(SessionFactoryBuilderImpl.java:430) ~[hibernate-core-7.0.0.Final.jar:7.0.0.Final]
	at org.hibernate.jpa.boot.internal.EntityManagerFactoryBuilderImpl.build(EntityManagerFactoryBuilderImpl.java:1477) ~[hibernate-core-7.0.0.Final.jar:7.0.0.Final]
	at org.springframework.orm.jpa.vendor.SpringHibernateJpaPersistenceProvider.createContainerEntityManagerFactory(SpringHibernateJpaPersistenceProvider.java:66) ~[spring-orm-6.2.6.jar:6.2.6]
	at org.springframework.orm.jpa.LocalContainerEntityManagerFactoryBean.createNativeEntityManagerFactory(LocalContainerEntityManagerFactoryBean.java:390) ~[spring-orm-6.2.6.jar:6.2.6]
	at org.springframework.orm.jpa.AbstractEntityManagerFactoryBean.buildNativeEntityManagerFactory(AbstractEntityManagerFactoryBean.java:419) ~[spring-orm-6.2.6.jar:6.2.6]
	at org.springframework.orm.jpa.AbstractEntityManagerFactoryBean.afterPropertiesSet(AbstractEntityManagerFactoryBean.java:400) ~[spring-orm-6.2.6.jar:6.2.6]
	at org.springframework.orm.jpa.LocalContainerEntityManagerFactoryBean.afterPropertiesSet(LocalContainerEntityManagerFactoryBean.java:366) ~[spring-orm-6.2.6.jar:6.2.6]
	at org.springframework.beans.factory.support.AbstractAutowireCapableBeanFactory.invokeInitMethods(AbstractAutowireCapableBeanFactory.java:1865) ~[spring-beans-6.2.6.jar:6.2.6]
	at org.springframework.beans.factory.support.AbstractAutowireCapableBeanFactory.initializeBean(AbstractAutowireCapableBeanFactory.java:1814) ~[spring-beans-6.2.6.jar:6.2.6]
	at org.springframework.beans.factory.support.AbstractAutowireCapableBeanFactory.doCreateBean(AbstractAutowireCapableBeanFactory.java:607) ~[spring-beans-6.2.6.jar:6.2.6]
	at org.springframework.beans.factory.support.AbstractAutowireCapableBeanFactory.createBean(AbstractAutowireCapableBeanFactory.java:529) ~[spring-beans-6.2.6.jar:6.2.6]
	at org.springframework.beans.factory.support.AbstractBeanFactory.lambda$doGetBean$0(AbstractBeanFactory.java:339) ~[spring-beans-6.2.6.jar:6.2.6]
	at org.springframework.beans.factory.support.DefaultSingletonBeanRegistry.getSingleton(DefaultSingletonBeanRegistry.java:371) ~[spring-beans-6.2.6.jar:6.2.6]
	at org.springframework.beans.factory.support.AbstractBeanFactory.doGetBean(AbstractBeanFactory.java:337) ~[spring-beans-6.2.6.jar:6.2.6]
	at org.springframework.beans.factory.support.AbstractBeanFactory.getBean(AbstractBeanFactory.java:202) ~[spring-beans-6.2.6.jar:6.2.6]
	at org.springframework.beans.factory.support.BeanDefinitionValueResolver.resolveReference(BeanDefinitionValueResolver.java:365) ~[spring-beans-6.2.6.jar:6.2.6]
	at org.springframework.beans.factory.support.BeanDefinitionValueResolver.resolveValueIfNecessary(BeanDefinitionValueResolver.java:135) ~[spring-beans-6.2.6.jar:6.2.6]
	at org.springframework.beans.factory.support.ConstructorResolver.resolveConstructorArguments(ConstructorResolver.java:691) ~[spring-beans-6.2.6.jar:6.2.6]
	at org.springframework.beans.factory.support.ConstructorResolver.instantiateUsingFactoryMethod(ConstructorResolver.java:513) ~[spring-beans-6.2.6.jar:6.2.6]
	at org.springframework.beans.factory.support.AbstractAutowireCapableBeanFactory.instantiateUsingFactoryMethod(AbstractAutowireCapableBeanFactory.java:1367) ~[spring-beans-6.2.6.jar:6.2.6]
	at org.springframework.beans.factory.support.AbstractAutowireCapableBeanFactory.createBeanInstance(AbstractAutowireCapableBeanFactory.java:1197) ~[spring-beans-6.2.6.jar:6.2.6]
	at org.springframework.beans.factory.support.AbstractAutowireCapableBeanFactory.doCreateBean(AbstractAutowireCapableBeanFactory.java:569) ~[spring-beans-6.2.6.jar:6.2.6]
	at org.springframework.beans.factory.support.AbstractAutowireCapableBeanFactory.createBean(AbstractAutowireCapableBeanFactory.java:529) ~[spring-beans-6.2.6.jar:6.2.6]
	at org.springframework.beans.factory.support.AbstractBeanFactory.lambda$doGetBean$0(AbstractBeanFactory.java:339) ~[spring-beans-6.2.6.jar:6.2.6]
	at org.springframework.beans.factory.support.DefaultSingletonBeanRegistry.getSingleton(DefaultSingletonBeanRegistry.java:371) ~[spring-beans-6.2.6.jar:6.2.6]
	at org.springframework.beans.factory.support.AbstractBeanFactory.doGetBean(AbstractBeanFactory.java:337) ~[spring-beans-6.2.6.jar:6.2.6]
	at org.springframework.beans.factory.support.AbstractBeanFactory.getBean(AbstractBeanFactory.java:202) ~[spring-beans-6.2.6.jar:6.2.6]
	at org.springframework.beans.factory.support.BeanDefinitionValueResolver.resolveReference(BeanDefinitionValueResolver.java:365) ~[spring-beans-6.2.6.jar:6.2.6]
	at org.springframework.beans.factory.support.BeanDefinitionValueResolver.resolveValueIfNecessary(BeanDefinitionValueResolver.java:135) ~[spring-beans-6.2.6.jar:6.2.6]
	at org.springframework.beans.factory.support.AbstractAutowireCapableBeanFactory.applyPropertyValues(AbstractAutowireCapableBeanFactory.java:1717) ~[spring-beans-6.2.6.jar:6.2.6]
	at org.springframework.beans.factory.support.AbstractAutowireCapableBeanFactory.populateBean(AbstractAutowireCapableBeanFactory.java:1466) ~[spring-beans-6.2.6.jar:6.2.6]
	at org.springframework.beans.factory.support.AbstractAutowireCapableBeanFactory.doCreateBean(AbstractAutowireCapableBeanFactory.java:606) ~[spring-beans-6.2.6.jar:6.2.6]
	at org.springframework.beans.factory.support.AbstractAutowireCapableBeanFactory.createBean(AbstractAutowireCapableBeanFactory.java:529) ~[spring-beans-6.2.6.jar:6.2.6]
	at org.springframework.beans.factory.support.AbstractBeanFactory.lambda$doGetBean$0(AbstractBeanFactory.java:339) ~[spring-beans-6.2.6.jar:6.2.6]
	at org.springframework.beans.factory.support.DefaultSingletonBeanRegistry.getSingleton(DefaultSingletonBeanRegistry.java:371) ~[spring-beans-6.2.6.jar:6.2.6]
	at org.springframework.beans.factory.support.AbstractBeanFactory.doGetBean(AbstractBeanFactory.java:337) ~[spring-beans-6.2.6.jar:6.2.6]
	at org.springframework.beans.factory.support.AbstractBeanFactory.getBean(AbstractBeanFactory.java:202) ~[spring-beans-6.2.6.jar:6.2.6]
	at org.springframework.beans.factory.support.DefaultListableBeanFactory.doResolveDependency(DefaultListableBeanFactory.java:1681) ~[spring-beans-6.2.6.jar:6.2.6]
	at org.springframework.beans.factory.support.DefaultListableBeanFactory.resolveDependency(DefaultListableBeanFactory.java:1627) ~[spring-beans-6.2.6.jar:6.2.6]
	at org.springframework.beans.factory.support.ConstructorResolver.resolveAutowiredArgument(ConstructorResolver.java:913) ~[spring-beans-6.2.6.jar:6.2.6]
	at org.springframework.beans.factory.support.ConstructorResolver.createArgumentArray(ConstructorResolver.java:791) ~[spring-beans-6.2.6.jar:6.2.6]
	at org.springframework.beans.factory.support.ConstructorResolver.autowireConstructor(ConstructorResolver.java:240) ~[spring-beans-6.2.6.jar:6.2.6]
	at org.springframework.beans.factory.support.AbstractAutowireCapableBeanFactory.autowireConstructor(AbstractAutowireCapableBeanFactory.java:1387) ~[spring-beans-6.2.6.jar:6.2.6]
	at org.springframework.beans.factory.support.AbstractAutowireCapableBeanFactory.createBeanInstance(AbstractAutowireCapableBeanFactory.java:1224) ~[spring-beans-6.2.6.jar:6.2.6]
	at org.springframework.beans.factory.support.AbstractAutowireCapableBeanFactory.doCreateBean(AbstractAutowireCapableBeanFactory.java:569) ~[spring-beans-6.2.6.jar:6.2.6]
	at org.springframework.beans.factory.support.AbstractAutowireCapableBeanFactory.createBean(AbstractAutowireCapableBeanFactory.java:529) ~[spring-beans-6.2.6.jar:6.2.6]
	at org.springframework.beans.factory.support.AbstractBeanFactory.lambda$doGetBean$0(AbstractBeanFactory.java:339) ~[spring-beans-6.2.6.jar:6.2.6]
	at org.springframework.beans.factory.support.DefaultSingletonBeanRegistry.getSingleton(DefaultSingletonBeanRegistry.java:371) ~[spring-beans-6.2.6.jar:6.2.6]
	at org.springframework.beans.factory.support.AbstractBeanFactory.doGetBean(AbstractBeanFactory.java:337) ~[spring-beans-6.2.6.jar:6.2.6]
	at org.springframework.beans.factory.support.AbstractBeanFactory.getBean(AbstractBeanFactory.java:202) ~[spring-beans-6.2.6.jar:6.2.6]
	at org.springframework.beans.factory.support.ConstructorResolver.instantiateUsingFactoryMethod(ConstructorResolver.java:413) ~[spring-beans-6.2.6.jar:6.2.6]
	at org.springframework.beans.factory.support.AbstractAutowireCapableBeanFactory.instantiateUsingFactoryMethod(AbstractAutowireCapableBeanFactory.java:1367) ~[spring-beans-6.2.6.jar:6.2.6]
	at org.springframework.beans.factory.support.AbstractAutowireCapableBeanFactory.createBeanInstance(AbstractAutowireCapableBeanFactory.java:1197) ~[spring-beans-6.2.6.jar:6.2.6]
	at org.springframework.beans.factory.support.AbstractAutowireCapableBeanFactory.doCreateBean(AbstractAutowireCapableBeanFactory.java:569) ~[spring-beans-6.2.6.jar:6.2.6]
	at org.springframework.beans.factory.support.AbstractAutowireCapableBeanFactory.createBean(AbstractAutowireCapableBeanFactory.java:529) ~[spring-beans-6.2.6.jar:6.2.6]
	at org.springframework.beans.factory.support.AbstractBeanFactory.lambda$doGetBean$0(AbstractBeanFactory.java:339) ~[spring-beans-6.2.6.jar:6.2.6]
	at org.springframework.beans.factory.support.DefaultSingletonBeanRegistry.getSingleton(DefaultSingletonBeanRegistry.java:371) ~[spring-beans-6.2.6.jar:6.2.6]
	at org.springframework.beans.factory.support.AbstractBeanFactory.doGetBean(AbstractBeanFactory.java:337) ~[spring-beans-6.2.6.jar:6.2.6]
	at org.springframework.beans.factory.support.AbstractBeanFactory.getBean(AbstractBeanFactory.java:202) ~[spring-beans-6.2.6.jar:6.2.6]
	at org.springframework.beans.factory.support.DefaultListableBeanFactory.doResolveDependency(DefaultListableBeanFactory.java:1681) ~[spring-beans-6.2.6.jar:6.2.6]
	at org.springframework.beans.factory.support.DefaultListableBeanFactory.resolveDependency(DefaultListableBeanFactory.java:1627) ~[spring-beans-6.2.6.jar:6.2.6]
	at org.springframework.beans.factory.support.ConstructorResolver.resolveAutowiredArgument(ConstructorResolver.java:913) ~[spring-beans-6.2.6.jar:6.2.6]
	at org.springframework.beans.factory.support.ConstructorResolver.createArgumentArray(ConstructorResolver.java:791) ~[spring-beans-6.2.6.jar:6.2.6]
	at org.springframework.beans.factory.support.ConstructorResolver.autowireConstructor(ConstructorResolver.java:240) ~[spring-beans-6.2.6.jar:6.2.6]
	at org.springframework.beans.factory.support.AbstractAutowireCapableBeanFactory.autowireConstructor(AbstractAutowireCapableBeanFactory.java:1387) ~[spring-beans-6.2.6.jar:6.2.6]
	at org.springframework.beans.factory.support.AbstractAutowireCapableBeanFactory.createBeanInstance(AbstractAutowireCapableBeanFactory.java:1224) ~[spring-beans-6.2.6.jar:6.2.6]
	at org.springframework.beans.factory.support.AbstractAutowireCapableBeanFactory.doCreateBean(AbstractAutowireCapableBeanFactory.java:569) ~[spring-beans-6.2.6.jar:6.2.6]
	at org.springframework.beans.factory.support.AbstractAutowireCapableBeanFactory.createBean(AbstractAutowireCapableBeanFactory.java:529) ~[spring-beans-6.2.6.jar:6.2.6]
	at org.springframework.beans.factory.support.AbstractBeanFactory.lambda$doGetBean$0(AbstractBeanFactory.java:339) ~[spring-beans-6.2.6.jar:6.2.6]
	at org.springframework.beans.factory.support.DefaultSingletonBeanRegistry.getSingleton(DefaultSingletonBeanRegistry.java:371) ~[spring-beans-6.2.6.jar:6.2.6]
	at org.springframework.beans.factory.support.AbstractBeanFactory.doGetBean(AbstractBeanFactory.java:337) ~[spring-beans-6.2.6.jar:6.2.6]
	at org.springframework.beans.factory.support.AbstractBeanFactory.getBean(AbstractBeanFactory.java:207) ~[spring-beans-6.2.6.jar:6.2.6]
	at org.springframework.boot.web.servlet.ServletContextInitializerBeans.getOrderedBeansOfType(ServletContextInitializerBeans.java:211) ~[spring-boot-3.4.5.jar:3.4.5]
	at org.springframework.boot.web.servlet.ServletContextInitializerBeans.addAsRegistrationBean(ServletContextInitializerBeans.java:174) ~[spring-boot-3.4.5.jar:3.4.5]
	at org.springframework.boot.web.servlet.ServletContextInitializerBeans.addAsRegistrationBean(ServletContextInitializerBeans.java:169) ~[spring-boot-3.4.5.jar:3.4.5]
	at org.springframework.boot.web.servlet.ServletContextInitializerBeans.addAdaptableBeans(ServletContextInitializerBeans.java:154) ~[spring-boot-3.4.5.jar:3.4.5]
	at org.springframework.boot.web.servlet.ServletContextInitializerBeans.<init>(ServletContextInitializerBeans.java:87) ~[spring-boot-3.4.5.jar:3.4.5]
	at org.springframework.boot.web.servlet.context.ServletWebServerApplicationContext.getServletContextInitializerBeans(ServletWebServerApplicationContext.java:271) ~[spring-boot-3.4.5.jar:3.4.5]
	at org.springframework.boot.web.servlet.context.ServletWebServerApplicationContext.selfInitialize(ServletWebServerApplicationContext.java:245) ~[spring-boot-3.4.5.jar:3.4.5]
	at org.springframework.boot.web.embedded.tomcat.TomcatStarter.onStartup(TomcatStarter.java:52) ~[spring-boot-3.4.5.jar:3.4.5]
	at org.apache.catalina.core.StandardContext.startInternal(StandardContext.java:4464) ~[tomcat-embed-core-10.1.40.jar:10.1.40]
	at org.apache.catalina.util.LifecycleBase.start(LifecycleBase.java:164) ~[tomcat-embed-core-10.1.40.jar:10.1.40]
	at org.apache.catalina.core.ContainerBase$StartChild.call(ContainerBase.java:1203) ~[tomcat-embed-core-10.1.40.jar:10.1.40]
	at org.apache.catalina.core.ContainerBase$StartChild.call(ContainerBase.java:1193) ~[tomcat-embed-core-10.1.40.jar:10.1.40]
	at java.base/java.util.concurrent.FutureTask.run(FutureTask.java:317) ~[na:na]
	at org.apache.tomcat.util.threads.InlineExecutorService.execute(InlineExecutorService.java:75) ~[tomcat-embed-core-10.1.40.jar:10.1.40]
	at java.base/java.util.concurrent.AbstractExecutorService.submit(AbstractExecutorService.java:148) ~[na:na]
	at org.apache.catalina.core.ContainerBase.startInternal(ContainerBase.java:749) ~[tomcat-embed-core-10.1.40.jar:10.1.40]
	at org.apache.catalina.core.StandardHost.startInternal(StandardHost.java:772) ~[tomcat-embed-core-10.1.40.jar:10.1.40]
	at org.apache.catalina.util.LifecycleBase.start(LifecycleBase.java:164) ~[tomcat-embed-core-10.1.40.jar:10.1.40]
	at org.apache.catalina.core.ContainerBase$StartChild.call(ContainerBase.java:1203) ~[tomcat-embed-core-10.1.40.jar:10.1.40]
	at org.apache.catalina.core.ContainerBase$StartChild.call(ContainerBase.java:1193) ~[tomcat-embed-core-10.1.40.jar:10.1.40]
	at java.base/java.util.concurrent.FutureTask.run(FutureTask.java:317) ~[na:na]
	at org.apache.tomcat.util.threads.InlineExecutorService.execute(InlineExecutorService.java:75) ~[tomcat-embed-core-10.1.40.jar:10.1.40]
	at java.base/java.util.concurrent.AbstractExecutorService.submit(AbstractExecutorService.java:148) ~[na:na]
	at org.apache.catalina.core.ContainerBase.startInternal(ContainerBase.java:749) ~[tomcat-embed-core-10.1.40.jar:10.1.40]
	at org.apache.catalina.core.StandardEngine.startInternal(StandardEngine.java:203) ~[tomcat-embed-core-10.1.40.jar:10.1.40]
	at org.apache.catalina.util.LifecycleBase.start(LifecycleBase.java:164) ~[tomcat-embed-core-10.1.40.jar:10.1.40]
	at org.apache.catalina.core.StandardService.startInternal(StandardService.java:412) ~[tomcat-embed-core-10.1.40.jar:10.1.40]
	at org.apache.catalina.util.LifecycleBase.start(LifecycleBase.java:164) ~[tomcat-embed-core-10.1.40.jar:10.1.40]
	at org.apache.catalina.core.StandardServer.startInternal(StandardServer.java:870) ~[tomcat-embed-core-10.1.40.jar:10.1.40]
	at org.apache.catalina.util.LifecycleBase.start(LifecycleBase.java:164) ~[tomcat-embed-core-10.1.40.jar:10.1.40]
	at org.apache.catalina.startup.Tomcat.start(Tomcat.java:438) ~[tomcat-embed-core-10.1.40.jar:10.1.40]
	at org.springframework.boot.web.embedded.tomcat.TomcatWebServer.initialize(TomcatWebServer.java:128) ~[spring-boot-3.4.5.jar:3.4.5]
	at org.springframework.boot.web.embedded.tomcat.TomcatWebServer.<init>(TomcatWebServer.java:107) ~[spring-boot-3.4.5.jar:3.4.5]
	at org.springframework.boot.web.embedded.tomcat.TomcatServletWebServerFactory.getTomcatWebServer(TomcatServletWebServerFactory.java:517) ~[spring-boot-3.4.5.jar:3.4.5]
	at org.springframework.boot.web.embedded.tomcat.TomcatServletWebServerFactory.getWebServer(TomcatServletWebServerFactory.java:219) ~[spring-boot-3.4.5.jar:3.4.5]
	at org.springframework.boot.web.servlet.context.ServletWebServerApplicationContext.createWebServer(ServletWebServerApplicationContext.java:193) ~[spring-boot-3.4.5.jar:3.4.5]
	at org.springframework.boot.web.servlet.context.ServletWebServerApplicationContext.onRefresh(ServletWebServerApplicationContext.java:167) ~[spring-boot-3.4.5.jar:3.4.5]
	at org.springframework.context.support.AbstractApplicationContext.refresh(AbstractApplicationContext.java:621) ~[spring-context-6.2.6.jar:6.2.6]
	at org.springframework.boot.web.servlet.context.ServletWebServerApplicationContext.refresh(ServletWebServerApplicationContext.java:146) ~[spring-boot-3.4.5.jar:3.4.5]
	at org.springframework.boot.SpringApplication.refresh(SpringApplication.java:753) ~[spring-boot-3.4.5.jar:3.4.5]
	at org.springframework.boot.SpringApplication.refreshContext(SpringApplication.java:439) ~[spring-boot-3.4.5.jar:3.4.5]
	at org.springframework.boot.SpringApplication.run(SpringApplication.java:318) ~[spring-boot-3.4.5.jar:3.4.5]
	at org.springframework.boot.SpringApplication.run(SpringApplication.java:1362) ~[spring-boot-3.4.5.jar:3.4.5]
	at org.springframework.boot.SpringApplication.run(SpringApplication.java:1351) ~[spring-boot-3.4.5.jar:3.4.5]
	at com.spring.security.SpringSecurityApplication.main(SpringSecurityApplication.java:10) ~[classes/:na]
Caused by: org.postgresql.util.PSQLException: ERROR: syntax error at or near "default"
  Позиция: 95
	at org.postgresql.core.v3.QueryExecutorImpl.receiveErrorResponse(QueryExecutorImpl.java:2733) ~[postgresql-42.7.5.jar:42.7.5]
	at org.postgresql.core.v3.QueryExecutorImpl.processResults(QueryExecutorImpl.java:2420) ~[postgresql-42.7.5.jar:42.7.5]
	at org.postgresql.core.v3.QueryExecutorImpl.execute(QueryExecutorImpl.java:372) ~[postgresql-42.7.5.jar:42.7.5]
	at org.postgresql.jdbc.PgStatement.executeInternal(PgStatement.java:517) ~[postgresql-42.7.5.jar:42.7.5]
	at org.postgresql.jdbc.PgStatement.execute(PgStatement.java:434) ~[postgresql-42.7.5.jar:42.7.5]
	at org.postgresql.jdbc.PgStatement.executeWithFlags(PgStatement.java:356) ~[postgresql-42.7.5.jar:42.7.5]
	at org.postgresql.jdbc.PgStatement.executeCachedSql(PgStatement.java:341) ~[postgresql-42.7.5.jar:42.7.5]
	at org.postgresql.jdbc.PgStatement.executeWithFlags(PgStatement.java:317) ~[postgresql-42.7.5.jar:42.7.5]
	at org.postgresql.jdbc.PgStatement.execute(PgStatement.java:312) ~[postgresql-42.7.5.jar:42.7.5]
	at com.zaxxer.hikari.pool.ProxyStatement.execute(ProxyStatement.java:95) ~[HikariCP-6.3.0.jar:na]
	at com.zaxxer.hikari.pool.HikariProxyStatement.execute(HikariProxyStatement.java) ~[HikariCP-6.3.0.jar:na]
	at org.hibernate.tool.schema.internal.exec.GenerationTargetToDatabase.accept(GenerationTargetToDatabase.java:79) ~[hibernate-core-7.0.0.Final.jar:7.0.0.Final]
	... 130 common frames omitted

2025-05-26T12:31:01.758+02:00 DEBUG 19656 --- [springsecurity] [main] org.hibernate.SQL                        : 
    create table user_roles (
        user_id bigint not null,
        role_id bigint not null,
        primary key (user_id, role_id)
    )
2025-05-26T12:31:01.775+02:00 DEBUG 19656 --- [springsecurity] [main] org.hibernate.SQL                        : 
    create table users (
        user_id bigint generated by default as identity,
        password varchar(255) not null,
        username varchar(255) not null,
        primary key (user_id)
    )
2025-05-26T12:31:01.780+02:00 DEBUG 19656 --- [springsecurity] [main] org.hibernate.SQL                        : 
    alter table if exists users 
       drop constraint if exists UKr43af9ap4edm43mmtq01oddj6
2025-05-26T12:31:01.784+02:00  WARN 19656 --- [springsecurity] [main] org.hibernate.orm.jdbc.warn              : HHH000247: ErrorCode: 0, SQLState: 00000
2025-05-26T12:31:01.784+02:00  WARN 19656 --- [springsecurity] [main] org.hibernate.orm.jdbc.warn              : constraint "ukr43af9ap4edm43mmtq01oddj6" of relation "users" does not exist, skipping
2025-05-26T12:31:01.784+02:00 DEBUG 19656 --- [springsecurity] [main] org.hibernate.SQL                        : 
    alter table if exists users 
       add constraint UKr43af9ap4edm43mmtq01oddj6 unique (username)
2025-05-26T12:31:01.787+02:00 DEBUG 19656 --- [springsecurity] [main] org.hibernate.SQL                        : 
    alter table if exists user_roles 
       add constraint FKh8ciramu9cc9q3qcqiv4ue8a6 
       foreign key (role_id) 
       references roles
2025-05-26T12:31:01.788+02:00  WARN 19656 --- [springsecurity] [main] o.h.t.s.i.ExceptionHandlerLoggedImpl     : GenerationTarget encountered exception accepting command : Error executing DDL "
    alter table if exists user_roles 
       add constraint FKh8ciramu9cc9q3qcqiv4ue8a6 
       foreign key (role_id) 
       references roles" via JDBC [ERROR: relation "roles" does not exist]

org.hibernate.tool.schema.spi.CommandAcceptanceException: Error executing DDL "
    alter table if exists user_roles 
       add constraint FKh8ciramu9cc9q3qcqiv4ue8a6 
       foreign key (role_id) 
       references roles" via JDBC [ERROR: relation "roles" does not exist]
	at org.hibernate.tool.schema.internal.exec.GenerationTargetToDatabase.accept(GenerationTargetToDatabase.java:93) ~[hibernate-core-7.0.0.Final.jar:7.0.0.Final]
	at org.hibernate.tool.schema.internal.AbstractSchemaMigrator.applySqlString(AbstractSchemaMigrator.java:573) ~[hibernate-core-7.0.0.Final.jar:7.0.0.Final]
	at org.hibernate.tool.schema.internal.AbstractSchemaMigrator.applySqlStrings(AbstractSchemaMigrator.java:513) ~[hibernate-core-7.0.0.Final.jar:7.0.0.Final]
	at org.hibernate.tool.schema.internal.AbstractSchemaMigrator.applyForeignKeys(AbstractSchemaMigrator.java:445) ~[hibernate-core-7.0.0.Final.jar:7.0.0.Final]
	at org.hibernate.tool.schema.internal.AbstractSchemaMigrator.performMigration(AbstractSchemaMigrator.java:266) ~[hibernate-core-7.0.0.Final.jar:7.0.0.Final]
	at org.hibernate.tool.schema.internal.AbstractSchemaMigrator.doMigration(AbstractSchemaMigrator.java:109) ~[hibernate-core-7.0.0.Final.jar:7.0.0.Final]
	at org.hibernate.tool.schema.spi.SchemaManagementToolCoordinator.performDatabaseAction(SchemaManagementToolCoordinator.java:267) ~[hibernate-core-7.0.0.Final.jar:7.0.0.Final]
	at org.hibernate.tool.schema.spi.SchemaManagementToolCoordinator.lambda$process$5(SchemaManagementToolCoordinator.java:142) ~[hibernate-core-7.0.0.Final.jar:7.0.0.Final]
	at java.base/java.util.HashMap.forEach(HashMap.java:1430) ~[na:na]
	at org.hibernate.tool.schema.spi.SchemaManagementToolCoordinator.process(SchemaManagementToolCoordinator.java:139) ~[hibernate-core-7.0.0.Final.jar:7.0.0.Final]
	at org.hibernate.boot.internal.SessionFactoryObserverForSchemaExport.sessionFactoryCreated(SessionFactoryObserverForSchemaExport.java:35) ~[hibernate-core-7.0.0.Final.jar:7.0.0.Final]
	at org.hibernate.internal.SessionFactoryObserverChain.sessionFactoryCreated(SessionFactoryObserverChain.java:33) ~[hibernate-core-7.0.0.Final.jar:7.0.0.Final]
	at org.hibernate.internal.SessionFactoryImpl.<init>(SessionFactoryImpl.java:350) ~[hibernate-core-7.0.0.Final.jar:7.0.0.Final]
	at org.hibernate.boot.internal.SessionFactoryBuilderImpl.build(SessionFactoryBuilderImpl.java:430) ~[hibernate-core-7.0.0.Final.jar:7.0.0.Final]
	at org.hibernate.jpa.boot.internal.EntityManagerFactoryBuilderImpl.build(EntityManagerFactoryBuilderImpl.java:1477) ~[hibernate-core-7.0.0.Final.jar:7.0.0.Final]
	at org.springframework.orm.jpa.vendor.SpringHibernateJpaPersistenceProvider.createContainerEntityManagerFactory(SpringHibernateJpaPersistenceProvider.java:66) ~[spring-orm-6.2.6.jar:6.2.6]
	at org.springframework.orm.jpa.LocalContainerEntityManagerFactoryBean.createNativeEntityManagerFactory(LocalContainerEntityManagerFactoryBean.java:390) ~[spring-orm-6.2.6.jar:6.2.6]
	at org.springframework.orm.jpa.AbstractEntityManagerFactoryBean.buildNativeEntityManagerFactory(AbstractEntityManagerFactoryBean.java:419) ~[spring-orm-6.2.6.jar:6.2.6]
	at org.springframework.orm.jpa.AbstractEntityManagerFactoryBean.afterPropertiesSet(AbstractEntityManagerFactoryBean.java:400) ~[spring-orm-6.2.6.jar:6.2.6]
	at org.springframework.orm.jpa.LocalContainerEntityManagerFactoryBean.afterPropertiesSet(LocalContainerEntityManagerFactoryBean.java:366) ~[spring-orm-6.2.6.jar:6.2.6]
	at org.springframework.beans.factory.support.AbstractAutowireCapableBeanFactory.invokeInitMethods(AbstractAutowireCapableBeanFactory.java:1865) ~[spring-beans-6.2.6.jar:6.2.6]
	at org.springframework.beans.factory.support.AbstractAutowireCapableBeanFactory.initializeBean(AbstractAutowireCapableBeanFactory.java:1814) ~[spring-beans-6.2.6.jar:6.2.6]
	at org.springframework.beans.factory.support.AbstractAutowireCapableBeanFactory.doCreateBean(AbstractAutowireCapableBeanFactory.java:607) ~[spring-beans-6.2.6.jar:6.2.6]
	at org.springframework.beans.factory.support.AbstractAutowireCapableBeanFactory.createBean(AbstractAutowireCapableBeanFactory.java:529) ~[spring-beans-6.2.6.jar:6.2.6]
	at org.springframework.beans.factory.support.AbstractBeanFactory.lambda$doGetBean$0(AbstractBeanFactory.java:339) ~[spring-beans-6.2.6.jar:6.2.6]
	at org.springframework.beans.factory.support.DefaultSingletonBeanRegistry.getSingleton(DefaultSingletonBeanRegistry.java:371) ~[spring-beans-6.2.6.jar:6.2.6]
	at org.springframework.beans.factory.support.AbstractBeanFactory.doGetBean(AbstractBeanFactory.java:337) ~[spring-beans-6.2.6.jar:6.2.6]
	at org.springframework.beans.factory.support.AbstractBeanFactory.getBean(AbstractBeanFactory.java:202) ~[spring-beans-6.2.6.jar:6.2.6]
	at org.springframework.beans.factory.support.BeanDefinitionValueResolver.resolveReference(BeanDefinitionValueResolver.java:365) ~[spring-beans-6.2.6.jar:6.2.6]
	at org.springframework.beans.factory.support.BeanDefinitionValueResolver.resolveValueIfNecessary(BeanDefinitionValueResolver.java:135) ~[spring-beans-6.2.6.jar:6.2.6]
	at org.springframework.beans.factory.support.ConstructorResolver.resolveConstructorArguments(ConstructorResolver.java:691) ~[spring-beans-6.2.6.jar:6.2.6]
	at org.springframework.beans.factory.support.ConstructorResolver.instantiateUsingFactoryMethod(ConstructorResolver.java:513) ~[spring-beans-6.2.6.jar:6.2.6]
	at org.springframework.beans.factory.support.AbstractAutowireCapableBeanFactory.instantiateUsingFactoryMethod(AbstractAutowireCapableBeanFactory.java:1367) ~[spring-beans-6.2.6.jar:6.2.6]
	at org.springframework.beans.factory.support.AbstractAutowireCapableBeanFactory.createBeanInstance(AbstractAutowireCapableBeanFactory.java:1197) ~[spring-beans-6.2.6.jar:6.2.6]
	at org.springframework.beans.factory.support.AbstractAutowireCapableBeanFactory.doCreateBean(AbstractAutowireCapableBeanFactory.java:569) ~[spring-beans-6.2.6.jar:6.2.6]
	at org.springframework.beans.factory.support.AbstractAutowireCapableBeanFactory.createBean(AbstractAutowireCapableBeanFactory.java:529) ~[spring-beans-6.2.6.jar:6.2.6]
	at org.springframework.beans.factory.support.AbstractBeanFactory.lambda$doGetBean$0(AbstractBeanFactory.java:339) ~[spring-beans-6.2.6.jar:6.2.6]
	at org.springframework.beans.factory.support.DefaultSingletonBeanRegistry.getSingleton(DefaultSingletonBeanRegistry.java:371) ~[spring-beans-6.2.6.jar:6.2.6]
	at org.springframework.beans.factory.support.AbstractBeanFactory.doGetBean(AbstractBeanFactory.java:337) ~[spring-beans-6.2.6.jar:6.2.6]
	at org.springframework.beans.factory.support.AbstractBeanFactory.getBean(AbstractBeanFactory.java:202) ~[spring-beans-6.2.6.jar:6.2.6]
	at org.springframework.beans.factory.support.BeanDefinitionValueResolver.resolveReference(BeanDefinitionValueResolver.java:365) ~[spring-beans-6.2.6.jar:6.2.6]
	at org.springframework.beans.factory.support.BeanDefinitionValueResolver.resolveValueIfNecessary(BeanDefinitionValueResolver.java:135) ~[spring-beans-6.2.6.jar:6.2.6]
	at org.springframework.beans.factory.support.AbstractAutowireCapableBeanFactory.applyPropertyValues(AbstractAutowireCapableBeanFactory.java:1717) ~[spring-beans-6.2.6.jar:6.2.6]
	at org.springframework.beans.factory.support.AbstractAutowireCapableBeanFactory.populateBean(AbstractAutowireCapableBeanFactory.java:1466) ~[spring-beans-6.2.6.jar:6.2.6]
	at org.springframework.beans.factory.support.AbstractAutowireCapableBeanFactory.doCreateBean(AbstractAutowireCapableBeanFactory.java:606) ~[spring-beans-6.2.6.jar:6.2.6]
	at org.springframework.beans.factory.support.AbstractAutowireCapableBeanFactory.createBean(AbstractAutowireCapableBeanFactory.java:529) ~[spring-beans-6.2.6.jar:6.2.6]
	at org.springframework.beans.factory.support.AbstractBeanFactory.lambda$doGetBean$0(AbstractBeanFactory.java:339) ~[spring-beans-6.2.6.jar:6.2.6]
	at org.springframework.beans.factory.support.DefaultSingletonBeanRegistry.getSingleton(DefaultSingletonBeanRegistry.java:371) ~[spring-beans-6.2.6.jar:6.2.6]
	at org.springframework.beans.factory.support.AbstractBeanFactory.doGetBean(AbstractBeanFactory.java:337) ~[spring-beans-6.2.6.jar:6.2.6]
	at org.springframework.beans.factory.support.AbstractBeanFactory.getBean(AbstractBeanFactory.java:202) ~[spring-beans-6.2.6.jar:6.2.6]
	at org.springframework.beans.factory.support.DefaultListableBeanFactory.doResolveDependency(DefaultListableBeanFactory.java:1681) ~[spring-beans-6.2.6.jar:6.2.6]
	at org.springframework.beans.factory.support.DefaultListableBeanFactory.resolveDependency(DefaultListableBeanFactory.java:1627) ~[spring-beans-6.2.6.jar:6.2.6]
	at org.springframework.beans.factory.support.ConstructorResolver.resolveAutowiredArgument(ConstructorResolver.java:913) ~[spring-beans-6.2.6.jar:6.2.6]
	at org.springframework.beans.factory.support.ConstructorResolver.createArgumentArray(ConstructorResolver.java:791) ~[spring-beans-6.2.6.jar:6.2.6]
	at org.springframework.beans.factory.support.ConstructorResolver.autowireConstructor(ConstructorResolver.java:240) ~[spring-beans-6.2.6.jar:6.2.6]
	at org.springframework.beans.factory.support.AbstractAutowireCapableBeanFactory.autowireConstructor(AbstractAutowireCapableBeanFactory.java:1387) ~[spring-beans-6.2.6.jar:6.2.6]
	at org.springframework.beans.factory.support.AbstractAutowireCapableBeanFactory.createBeanInstance(AbstractAutowireCapableBeanFactory.java:1224) ~[spring-beans-6.2.6.jar:6.2.6]
	at org.springframework.beans.factory.support.AbstractAutowireCapableBeanFactory.doCreateBean(AbstractAutowireCapableBeanFactory.java:569) ~[spring-beans-6.2.6.jar:6.2.6]
	at org.springframework.beans.factory.support.AbstractAutowireCapableBeanFactory.createBean(AbstractAutowireCapableBeanFactory.java:529) ~[spring-beans-6.2.6.jar:6.2.6]
	at org.springframework.beans.factory.support.AbstractBeanFactory.lambda$doGetBean$0(AbstractBeanFactory.java:339) ~[spring-beans-6.2.6.jar:6.2.6]
	at org.springframework.beans.factory.support.DefaultSingletonBeanRegistry.getSingleton(DefaultSingletonBeanRegistry.java:371) ~[spring-beans-6.2.6.jar:6.2.6]
	at org.springframework.beans.factory.support.AbstractBeanFactory.doGetBean(AbstractBeanFactory.java:337) ~[spring-beans-6.2.6.jar:6.2.6]
	at org.springframework.beans.factory.support.AbstractBeanFactory.getBean(AbstractBeanFactory.java:202) ~[spring-beans-6.2.6.jar:6.2.6]
	at org.springframework.beans.factory.support.ConstructorResolver.instantiateUsingFactoryMethod(ConstructorResolver.java:413) ~[spring-beans-6.2.6.jar:6.2.6]
	at org.springframework.beans.factory.support.AbstractAutowireCapableBeanFactory.instantiateUsingFactoryMethod(AbstractAutowireCapableBeanFactory.java:1367) ~[spring-beans-6.2.6.jar:6.2.6]
	at org.springframework.beans.factory.support.AbstractAutowireCapableBeanFactory.createBeanInstance(AbstractAutowireCapableBeanFactory.java:1197) ~[spring-beans-6.2.6.jar:6.2.6]
	at org.springframework.beans.factory.support.AbstractAutowireCapableBeanFactory.doCreateBean(AbstractAutowireCapableBeanFactory.java:569) ~[spring-beans-6.2.6.jar:6.2.6]
	at org.springframework.beans.factory.support.AbstractAutowireCapableBeanFactory.createBean(AbstractAutowireCapableBeanFactory.java:529) ~[spring-beans-6.2.6.jar:6.2.6]
	at org.springframework.beans.factory.support.AbstractBeanFactory.lambda$doGetBean$0(AbstractBeanFactory.java:339) ~[spring-beans-6.2.6.jar:6.2.6]
	at org.springframework.beans.factory.support.DefaultSingletonBeanRegistry.getSingleton(DefaultSingletonBeanRegistry.java:371) ~[spring-beans-6.2.6.jar:6.2.6]
	at org.springframework.beans.factory.support.AbstractBeanFactory.doGetBean(AbstractBeanFactory.java:337) ~[spring-beans-6.2.6.jar:6.2.6]
	at org.springframework.beans.factory.support.AbstractBeanFactory.getBean(AbstractBeanFactory.java:202) ~[spring-beans-6.2.6.jar:6.2.6]
	at org.springframework.beans.factory.support.DefaultListableBeanFactory.doResolveDependency(DefaultListableBeanFactory.java:1681) ~[spring-beans-6.2.6.jar:6.2.6]
	at org.springframework.beans.factory.support.DefaultListableBeanFactory.resolveDependency(DefaultListableBeanFactory.java:1627) ~[spring-beans-6.2.6.jar:6.2.6]
	at org.springframework.beans.factory.support.ConstructorResolver.resolveAutowiredArgument(ConstructorResolver.java:913) ~[spring-beans-6.2.6.jar:6.2.6]
	at org.springframework.beans.factory.support.ConstructorResolver.createArgumentArray(ConstructorResolver.java:791) ~[spring-beans-6.2.6.jar:6.2.6]
	at org.springframework.beans.factory.support.ConstructorResolver.autowireConstructor(ConstructorResolver.java:240) ~[spring-beans-6.2.6.jar:6.2.6]
	at org.springframework.beans.factory.support.AbstractAutowireCapableBeanFactory.autowireConstructor(AbstractAutowireCapableBeanFactory.java:1387) ~[spring-beans-6.2.6.jar:6.2.6]
	at org.springframework.beans.factory.support.AbstractAutowireCapableBeanFactory.createBeanInstance(AbstractAutowireCapableBeanFactory.java:1224) ~[spring-beans-6.2.6.jar:6.2.6]
	at org.springframework.beans.factory.support.AbstractAutowireCapableBeanFactory.doCreateBean(AbstractAutowireCapableBeanFactory.java:569) ~[spring-beans-6.2.6.jar:6.2.6]
	at org.springframework.beans.factory.support.AbstractAutowireCapableBeanFactory.createBean(AbstractAutowireCapableBeanFactory.java:529) ~[spring-beans-6.2.6.jar:6.2.6]
	at org.springframework.beans.factory.support.AbstractBeanFactory.lambda$doGetBean$0(AbstractBeanFactory.java:339) ~[spring-beans-6.2.6.jar:6.2.6]
	at org.springframework.beans.factory.support.DefaultSingletonBeanRegistry.getSingleton(DefaultSingletonBeanRegistry.java:371) ~[spring-beans-6.2.6.jar:6.2.6]
	at org.springframework.beans.factory.support.AbstractBeanFactory.doGetBean(AbstractBeanFactory.java:337) ~[spring-beans-6.2.6.jar:6.2.6]
	at org.springframework.beans.factory.support.AbstractBeanFactory.getBean(AbstractBeanFactory.java:207) ~[spring-beans-6.2.6.jar:6.2.6]
	at org.springframework.boot.web.servlet.ServletContextInitializerBeans.getOrderedBeansOfType(ServletContextInitializerBeans.java:211) ~[spring-boot-3.4.5.jar:3.4.5]
	at org.springframework.boot.web.servlet.ServletContextInitializerBeans.addAsRegistrationBean(ServletContextInitializerBeans.java:174) ~[spring-boot-3.4.5.jar:3.4.5]
	at org.springframework.boot.web.servlet.ServletContextInitializerBeans.addAsRegistrationBean(ServletContextInitializerBeans.java:169) ~[spring-boot-3.4.5.jar:3.4.5]
	at org.springframework.boot.web.servlet.ServletContextInitializerBeans.addAdaptableBeans(ServletContextInitializerBeans.java:154) ~[spring-boot-3.4.5.jar:3.4.5]
	at org.springframework.boot.web.servlet.ServletContextInitializerBeans.<init>(ServletContextInitializerBeans.java:87) ~[spring-boot-3.4.5.jar:3.4.5]
	at org.springframework.boot.web.servlet.context.ServletWebServerApplicationContext.getServletContextInitializerBeans(ServletWebServerApplicationContext.java:271) ~[spring-boot-3.4.5.jar:3.4.5]
	at org.springframework.boot.web.servlet.context.ServletWebServerApplicationContext.selfInitialize(ServletWebServerApplicationContext.java:245) ~[spring-boot-3.4.5.jar:3.4.5]
	at org.springframework.boot.web.embedded.tomcat.TomcatStarter.onStartup(TomcatStarter.java:52) ~[spring-boot-3.4.5.jar:3.4.5]
	at org.apache.catalina.core.StandardContext.startInternal(StandardContext.java:4464) ~[tomcat-embed-core-10.1.40.jar:10.1.40]
	at org.apache.catalina.util.LifecycleBase.start(LifecycleBase.java:164) ~[tomcat-embed-core-10.1.40.jar:10.1.40]
	at org.apache.catalina.core.ContainerBase$StartChild.call(ContainerBase.java:1203) ~[tomcat-embed-core-10.1.40.jar:10.1.40]
	at org.apache.catalina.core.ContainerBase$StartChild.call(ContainerBase.java:1193) ~[tomcat-embed-core-10.1.40.jar:10.1.40]
	at java.base/java.util.concurrent.FutureTask.run(FutureTask.java:317) ~[na:na]
	at org.apache.tomcat.util.threads.InlineExecutorService.execute(InlineExecutorService.java:75) ~[tomcat-embed-core-10.1.40.jar:10.1.40]
	at java.base/java.util.concurrent.AbstractExecutorService.submit(AbstractExecutorService.java:148) ~[na:na]
	at org.apache.catalina.core.ContainerBase.startInternal(ContainerBase.java:749) ~[tomcat-embed-core-10.1.40.jar:10.1.40]
	at org.apache.catalina.core.StandardHost.startInternal(StandardHost.java:772) ~[tomcat-embed-core-10.1.40.jar:10.1.40]
	at org.apache.catalina.util.LifecycleBase.start(LifecycleBase.java:164) ~[tomcat-embed-core-10.1.40.jar:10.1.40]
	at org.apache.catalina.core.ContainerBase$StartChild.call(ContainerBase.java:1203) ~[tomcat-embed-core-10.1.40.jar:10.1.40]
	at org.apache.catalina.core.ContainerBase$StartChild.call(ContainerBase.java:1193) ~[tomcat-embed-core-10.1.40.jar:10.1.40]
	at java.base/java.util.concurrent.FutureTask.run(FutureTask.java:317) ~[na:na]
	at org.apache.tomcat.util.threads.InlineExecutorService.execute(InlineExecutorService.java:75) ~[tomcat-embed-core-10.1.40.jar:10.1.40]
	at java.base/java.util.concurrent.AbstractExecutorService.submit(AbstractExecutorService.java:148) ~[na:na]
	at org.apache.catalina.core.ContainerBase.startInternal(ContainerBase.java:749) ~[tomcat-embed-core-10.1.40.jar:10.1.40]
	at org.apache.catalina.core.StandardEngine.startInternal(StandardEngine.java:203) ~[tomcat-embed-core-10.1.40.jar:10.1.40]
	at org.apache.catalina.util.LifecycleBase.start(LifecycleBase.java:164) ~[tomcat-embed-core-10.1.40.jar:10.1.40]
	at org.apache.catalina.core.StandardService.startInternal(StandardService.java:412) ~[tomcat-embed-core-10.1.40.jar:10.1.40]
	at org.apache.catalina.util.LifecycleBase.start(LifecycleBase.java:164) ~[tomcat-embed-core-10.1.40.jar:10.1.40]
	at org.apache.catalina.core.StandardServer.startInternal(StandardServer.java:870) ~[tomcat-embed-core-10.1.40.jar:10.1.40]
	at org.apache.catalina.util.LifecycleBase.start(LifecycleBase.java:164) ~[tomcat-embed-core-10.1.40.jar:10.1.40]
	at org.apache.catalina.startup.Tomcat.start(Tomcat.java:438) ~[tomcat-embed-core-10.1.40.jar:10.1.40]
	at org.springframework.boot.web.embedded.tomcat.TomcatWebServer.initialize(TomcatWebServer.java:128) ~[spring-boot-3.4.5.jar:3.4.5]
	at org.springframework.boot.web.embedded.tomcat.TomcatWebServer.<init>(TomcatWebServer.java:107) ~[spring-boot-3.4.5.jar:3.4.5]
	at org.springframework.boot.web.embedded.tomcat.TomcatServletWebServerFactory.getTomcatWebServer(TomcatServletWebServerFactory.java:517) ~[spring-boot-3.4.5.jar:3.4.5]
	at org.springframework.boot.web.embedded.tomcat.TomcatServletWebServerFactory.getWebServer(TomcatServletWebServerFactory.java:219) ~[spring-boot-3.4.5.jar:3.4.5]
	at org.springframework.boot.web.servlet.context.ServletWebServerApplicationContext.createWebServer(ServletWebServerApplicationContext.java:193) ~[spring-boot-3.4.5.jar:3.4.5]
	at org.springframework.boot.web.servlet.context.ServletWebServerApplicationContext.onRefresh(ServletWebServerApplicationContext.java:167) ~[spring-boot-3.4.5.jar:3.4.5]
	at org.springframework.context.support.AbstractApplicationContext.refresh(AbstractApplicationContext.java:621) ~[spring-context-6.2.6.jar:6.2.6]
	at org.springframework.boot.web.servlet.context.ServletWebServerApplicationContext.refresh(ServletWebServerApplicationContext.java:146) ~[spring-boot-3.4.5.jar:3.4.5]
	at org.springframework.boot.SpringApplication.refresh(SpringApplication.java:753) ~[spring-boot-3.4.5.jar:3.4.5]
	at org.springframework.boot.SpringApplication.refreshContext(SpringApplication.java:439) ~[spring-boot-3.4.5.jar:3.4.5]
	at org.springframework.boot.SpringApplication.run(SpringApplication.java:318) ~[spring-boot-3.4.5.jar:3.4.5]
	at org.springframework.boot.SpringApplication.run(SpringApplication.java:1362) ~[spring-boot-3.4.5.jar:3.4.5]
	at org.springframework.boot.SpringApplication.run(SpringApplication.java:1351) ~[spring-boot-3.4.5.jar:3.4.5]
	at com.spring.security.SpringSecurityApplication.main(SpringSecurityApplication.java:10) ~[classes/:na]
Caused by: org.postgresql.util.PSQLException: ERROR: relation "roles" does not exist
	at org.postgresql.core.v3.QueryExecutorImpl.receiveErrorResponse(QueryExecutorImpl.java:2733) ~[postgresql-42.7.5.jar:42.7.5]
	at org.postgresql.core.v3.QueryExecutorImpl.processResults(QueryExecutorImpl.java:2420) ~[postgresql-42.7.5.jar:42.7.5]
	at org.postgresql.core.v3.QueryExecutorImpl.execute(QueryExecutorImpl.java:372) ~[postgresql-42.7.5.jar:42.7.5]
	at org.postgresql.jdbc.PgStatement.executeInternal(PgStatement.java:517) ~[postgresql-42.7.5.jar:42.7.5]
	at org.postgresql.jdbc.PgStatement.execute(PgStatement.java:434) ~[postgresql-42.7.5.jar:42.7.5]
	at org.postgresql.jdbc.PgStatement.executeWithFlags(PgStatement.java:356) ~[postgresql-42.7.5.jar:42.7.5]
	at org.postgresql.jdbc.PgStatement.executeCachedSql(PgStatement.java:341) ~[postgresql-42.7.5.jar:42.7.5]
	at org.postgresql.jdbc.PgStatement.executeWithFlags(PgStatement.java:317) ~[postgresql-42.7.5.jar:42.7.5]
	at org.postgresql.jdbc.PgStatement.execute(PgStatement.java:312) ~[postgresql-42.7.5.jar:42.7.5]
	at com.zaxxer.hikari.pool.ProxyStatement.execute(ProxyStatement.java:95) ~[HikariCP-6.3.0.jar:na]
	at com.zaxxer.hikari.pool.HikariProxyStatement.execute(HikariProxyStatement.java) ~[HikariCP-6.3.0.jar:na]
	at org.hibernate.tool.schema.internal.exec.GenerationTargetToDatabase.accept(GenerationTargetToDatabase.java:79) ~[hibernate-core-7.0.0.Final.jar:7.0.0.Final]
	... 129 common frames omitted

2025-05-26T12:31:01.790+02:00 DEBUG 19656 --- [springsecurity] [main] org.hibernate.SQL                        : 
    alter table if exists user_roles 
       add constraint FKhfh9dx7w3ubf1co1vdev94g3f 
       foreign key (user_id) 
       references users
2025-05-26T12:31:01.798+02:00  INFO 19656 --- [springsecurity] [main] j.LocalContainerEntityManagerFactoryBean : Initialized JPA EntityManagerFactory for persistence unit 'default'
2025-05-26T12:31:02.230+02:00  INFO 19656 --- [springsecurity] [main] eAuthenticationProviderManagerConfigurer : Global AuthenticationManager configured with AuthenticationProvider bean with name authenticationProvider
2025-05-26T12:31:02.230+02:00  WARN 19656 --- [springsecurity] [main] r$InitializeUserDetailsManagerConfigurer : Global AuthenticationManager configured with an AuthenticationProvider bean. UserDetailsService beans will not be used by Spring Security for automatically configuring username/password login. Consider removing the AuthenticationProvider bean. Alternatively, consider using the UserDetailsService in a manually instantiated DaoAuthenticationProvider. If the current configuration is intentional, to turn off this warning, increase the logging level of 'org.springframework.security.config.annotation.authentication.configuration.InitializeUserDetailsBeanManagerConfigurer' to ERROR
2025-05-26T12:31:02.375+02:00 DEBUG 19656 --- [springsecurity] [main] org.hibernate.SQL                        : 
    select
        r1_0.role_id,
        r1_0.default,
        r1_0.name 
    from
        roles r1_0 
    where
        r1_0.default
2025-05-26T12:31:02.379+02:00  WARN 19656 --- [springsecurity] [main] org.hibernate.orm.jdbc.error             : HHH000247: ErrorCode: 0, SQLState: 42P01
2025-05-26T12:31:02.379+02:00  WARN 19656 --- [springsecurity] [main] org.hibernate.orm.jdbc.error             : ERROR: relation "roles" does not exist
  Позиция: 49
2025-05-26T12:31:02.386+02:00  WARN 19656 --- [springsecurity] [main] ConfigServletWebServerApplicationContext : Exception encountered during context initialization - cancelling refresh attempt: org.springframework.beans.factory.UnsatisfiedDependencyException: Error creating bean with name 'authorizationController' defined in file [C:\Users\Aqura\IdeaProjects\SpringSecurity-\target\classes\com\spring\security\auth\controller\AuthorizationController.class]: Unsatisfied dependency expressed through constructor parameter 0: Error creating bean with name 'authorizationService': Invocation of init method failed
2025-05-26T12:31:02.388+02:00  INFO 19656 --- [springsecurity] [main] j.LocalContainerEntityManagerFactoryBean : Closing JPA EntityManagerFactory for persistence unit 'default'
2025-05-26T12:31:02.389+02:00  INFO 19656 --- [springsecurity] [main] com.zaxxer.hikari.HikariDataSource       : HikariPool - Shutdown initiated...
2025-05-26T12:31:02.390+02:00  INFO 19656 --- [springsecurity] [main] com.zaxxer.hikari.HikariDataSource       : HikariPool - Shutdown completed.
2025-05-26T12:31:02.392+02:00  INFO 19656 --- [springsecurity] [main] o.apache.catalina.core.StandardService   : Stopping service [Tomcat]
2025-05-26T12:31:02.402+02:00  INFO 19656 --- [springsecurity] [main] .s.b.a.l.ConditionEvaluationReportLogger : 

Error starting ApplicationContext. To display the condition evaluation report re-run your application with 'debug' enabled.
2025-05-26T12:31:02.415+02:00 ERROR 19656 --- [springsecurity] [main] o.s.boot.SpringApplication               : Application run failed

org.springframework.beans.factory.UnsatisfiedDependencyException: Error creating bean with name 'authorizationController' defined in file [C:\Users\Aqura\IdeaProjects\SpringSecurity-\target\classes\com\spring\security\auth\controller\AuthorizationController.class]: Unsatisfied dependency expressed through constructor parameter 0: Error creating bean with name 'authorizationService': Invocation of init method failed
	at org.springframework.beans.factory.support.ConstructorResolver.createArgumentArray(ConstructorResolver.java:804) ~[spring-beans-6.2.6.jar:6.2.6]
	at org.springframework.beans.factory.support.ConstructorResolver.autowireConstructor(ConstructorResolver.java:240) ~[spring-beans-6.2.6.jar:6.2.6]
	at org.springframework.beans.factory.support.AbstractAutowireCapableBeanFactory.autowireConstructor(AbstractAutowireCapableBeanFactory.java:1387) ~[spring-beans-6.2.6.jar:6.2.6]
	at org.springframework.beans.factory.support.AbstractAutowireCapableBeanFactory.createBeanInstance(AbstractAutowireCapableBeanFactory.java:1224) ~[spring-beans-6.2.6.jar:6.2.6]
	at org.springframework.beans.factory.support.AbstractAutowireCapableBeanFactory.doCreateBean(AbstractAutowireCapableBeanFactory.java:569) ~[spring-beans-6.2.6.jar:6.2.6]
	at org.springframework.beans.factory.support.AbstractAutowireCapableBeanFactory.createBean(AbstractAutowireCapableBeanFactory.java:529) ~[spring-beans-6.2.6.jar:6.2.6]
	at org.springframework.beans.factory.support.AbstractBeanFactory.lambda$doGetBean$0(AbstractBeanFactory.java:339) ~[spring-beans-6.2.6.jar:6.2.6]
	at org.springframework.beans.factory.support.DefaultSingletonBeanRegistry.getSingleton(DefaultSingletonBeanRegistry.java:371) ~[spring-beans-6.2.6.jar:6.2.6]
	at org.springframework.beans.factory.support.AbstractBeanFactory.doGetBean(AbstractBeanFactory.java:337) ~[spring-beans-6.2.6.jar:6.2.6]
	at org.springframework.beans.factory.support.AbstractBeanFactory.getBean(AbstractBeanFactory.java:202) ~[spring-beans-6.2.6.jar:6.2.6]
	at org.springframework.beans.factory.support.DefaultListableBeanFactory.instantiateSingleton(DefaultListableBeanFactory.java:1221) ~[spring-beans-6.2.6.jar:6.2.6]
	at org.springframework.beans.factory.support.DefaultListableBeanFactory.preInstantiateSingleton(DefaultListableBeanFactory.java:1187) ~[spring-beans-6.2.6.jar:6.2.6]
	at org.springframework.beans.factory.support.DefaultListableBeanFactory.preInstantiateSingletons(DefaultListableBeanFactory.java:1122) ~[spring-beans-6.2.6.jar:6.2.6]
	at org.springframework.context.support.AbstractApplicationContext.finishBeanFactoryInitialization(AbstractApplicationContext.java:987) ~[spring-context-6.2.6.jar:6.2.6]
	at org.springframework.context.support.AbstractApplicationContext.refresh(AbstractApplicationContext.java:627) ~[spring-context-6.2.6.jar:6.2.6]
	at org.springframework.boot.web.servlet.context.ServletWebServerApplicationContext.refresh(ServletWebServerApplicationContext.java:146) ~[spring-boot-3.4.5.jar:3.4.5]
	at org.springframework.boot.SpringApplication.refresh(SpringApplication.java:753) ~[spring-boot-3.4.5.jar:3.4.5]
	at org.springframework.boot.SpringApplication.refreshContext(SpringApplication.java:439) ~[spring-boot-3.4.5.jar:3.4.5]
	at org.springframework.boot.SpringApplication.run(SpringApplication.java:318) ~[spring-boot-3.4.5.jar:3.4.5]
	at org.springframework.boot.SpringApplication.run(SpringApplication.java:1362) ~[spring-boot-3.4.5.jar:3.4.5]
	at org.springframework.boot.SpringApplication.run(SpringApplication.java:1351) ~[spring-boot-3.4.5.jar:3.4.5]
	at com.spring.security.SpringSecurityApplication.main(SpringSecurityApplication.java:10) ~[classes/:na]
Caused by: org.springframework.beans.factory.BeanCreationException: Error creating bean with name 'authorizationService': Invocation of init method failed
	at org.springframework.beans.factory.annotation.InitDestroyAnnotationBeanPostProcessor.postProcessBeforeInitialization(InitDestroyAnnotationBeanPostProcessor.java:222) ~[spring-beans-6.2.6.jar:6.2.6]
	at org.springframework.beans.factory.support.AbstractAutowireCapableBeanFactory.applyBeanPostProcessorsBeforeInitialization(AbstractAutowireCapableBeanFactory.java:429) ~[spring-beans-6.2.6.jar:6.2.6]
	at org.springframework.beans.factory.support.AbstractAutowireCapableBeanFactory.initializeBean(AbstractAutowireCapableBeanFactory.java:1810) ~[spring-beans-6.2.6.jar:6.2.6]
	at org.springframework.beans.factory.support.AbstractAutowireCapableBeanFactory.doCreateBean(AbstractAutowireCapableBeanFactory.java:607) ~[spring-beans-6.2.6.jar:6.2.6]
	at org.springframework.beans.factory.support.AbstractAutowireCapableBeanFactory.createBean(AbstractAutowireCapableBeanFactory.java:529) ~[spring-beans-6.2.6.jar:6.2.6]
	at org.springframework.beans.factory.support.AbstractBeanFactory.lambda$doGetBean$0(AbstractBeanFactory.java:339) ~[spring-beans-6.2.6.jar:6.2.6]
	at org.springframework.beans.factory.support.DefaultSingletonBeanRegistry.getSingleton(DefaultSingletonBeanRegistry.java:371) ~[spring-beans-6.2.6.jar:6.2.6]
	at org.springframework.beans.factory.support.AbstractBeanFactory.doGetBean(AbstractBeanFactory.java:337) ~[spring-beans-6.2.6.jar:6.2.6]
	at org.springframework.beans.factory.support.AbstractBeanFactory.getBean(AbstractBeanFactory.java:202) ~[spring-beans-6.2.6.jar:6.2.6]
	at org.springframework.beans.factory.support.DefaultListableBeanFactory.doResolveDependency(DefaultListableBeanFactory.java:1681) ~[spring-beans-6.2.6.jar:6.2.6]
	at org.springframework.beans.factory.support.DefaultListableBeanFactory.resolveDependency(DefaultListableBeanFactory.java:1627) ~[spring-beans-6.2.6.jar:6.2.6]
	at org.springframework.beans.factory.support.ConstructorResolver.resolveAutowiredArgument(ConstructorResolver.java:913) ~[spring-beans-6.2.6.jar:6.2.6]
	at org.springframework.beans.factory.support.ConstructorResolver.createArgumentArray(ConstructorResolver.java:791) ~[spring-beans-6.2.6.jar:6.2.6]
	... 21 common frames omitted
Caused by: org.springframework.dao.InvalidDataAccessResourceUsageException: JDBC exception executing SQL [select r1_0.role_id,r1_0.default,r1_0.name from roles r1_0 where r1_0.default] [ERROR: relation "roles" does not exist
  Позиция: 49] [n/a]; SQL [n/a]
	at org.springframework.orm.jpa.vendor.HibernateJpaDialect.convertHibernateAccessException(HibernateJpaDialect.java:281) ~[spring-orm-6.2.6.jar:6.2.6]
	at org.springframework.orm.jpa.vendor.HibernateJpaDialect.convertHibernateAccessException(HibernateJpaDialect.java:256) ~[spring-orm-6.2.6.jar:6.2.6]
	at org.springframework.orm.jpa.vendor.HibernateJpaDialect.translateExceptionIfPossible(HibernateJpaDialect.java:241) ~[spring-orm-6.2.6.jar:6.2.6]
	at org.springframework.orm.jpa.AbstractEntityManagerFactoryBean.translateExceptionIfPossible(AbstractEntityManagerFactoryBean.java:560) ~[spring-orm-6.2.6.jar:6.2.6]
	at org.springframework.dao.support.ChainedPersistenceExceptionTranslator.translateExceptionIfPossible(ChainedPersistenceExceptionTranslator.java:61) ~[spring-tx-6.2.6.jar:6.2.6]
	at org.springframework.dao.support.DataAccessUtils.translateIfNecessary(DataAccessUtils.java:343) ~[spring-tx-6.2.6.jar:6.2.6]
	at org.springframework.dao.support.PersistenceExceptionTranslationInterceptor.invoke(PersistenceExceptionTranslationInterceptor.java:160) ~[spring-tx-6.2.6.jar:6.2.6]
	at org.springframework.aop.framework.ReflectiveMethodInvocation.proceed(ReflectiveMethodInvocation.java:184) ~[spring-aop-6.2.6.jar:6.2.6]
	at org.springframework.data.jpa.repository.support.CrudMethodMetadataPostProcessor$CrudMethodMetadataPopulatingMethodInterceptor.invoke(CrudMethodMetadataPostProcessor.java:136) ~[spring-data-jpa-3.4.5.jar:3.4.5]
	at org.springframework.aop.framework.ReflectiveMethodInvocation.proceed(ReflectiveMethodInvocation.java:184) ~[spring-aop-6.2.6.jar:6.2.6]
	at org.springframework.aop.framework.JdkDynamicAopProxy.invoke(JdkDynamicAopProxy.java:223) ~[spring-aop-6.2.6.jar:6.2.6]
	at jdk.proxy2/jdk.proxy2.$Proxy141.getRolesByDefaultRoleTrue(Unknown Source) ~[na:na]
	at com.spring.security.auth.service.AuthorizationService.init(AuthorizationService.java:38) ~[classes/:na]
	at java.base/jdk.internal.reflect.DirectMethodHandleAccessor.invoke(DirectMethodHandleAccessor.java:103) ~[na:na]
	at java.base/java.lang.reflect.Method.invoke(Method.java:580) ~[na:na]
	at org.springframework.beans.factory.annotation.InitDestroyAnnotationBeanPostProcessor$LifecycleMethod.invoke(InitDestroyAnnotationBeanPostProcessor.java:457) ~[spring-beans-6.2.6.jar:6.2.6]
	at org.springframework.beans.factory.annotation.InitDestroyAnnotationBeanPostProcessor$LifecycleMetadata.invokeInitMethods(InitDestroyAnnotationBeanPostProcessor.java:401) ~[spring-beans-6.2.6.jar:6.2.6]
	at org.springframework.beans.factory.annotation.InitDestroyAnnotationBeanPostProcessor.postProcessBeforeInitialization(InitDestroyAnnotationBeanPostProcessor.java:219) ~[spring-beans-6.2.6.jar:6.2.6]
	... 33 common frames omitted
Caused by: org.hibernate.exception.SQLGrammarException: JDBC exception executing SQL [select r1_0.role_id,r1_0.default,r1_0.name from roles r1_0 where r1_0.default] [ERROR: relation "roles" does not exist
  Позиция: 49] [n/a]
	at org.hibernate.exception.internal.SQLStateConversionDelegate.convert(SQLStateConversionDelegate.java:63) ~[hibernate-core-7.0.0.Final.jar:7.0.0.Final]
	at org.hibernate.exception.internal.StandardSQLExceptionConverter.convert(StandardSQLExceptionConverter.java:34) ~[hibernate-core-7.0.0.Final.jar:7.0.0.Final]
	at org.hibernate.engine.jdbc.spi.SqlExceptionHelper.convert(SqlExceptionHelper.java:115) ~[hibernate-core-7.0.0.Final.jar:7.0.0.Final]
	at org.hibernate.engine.jdbc.spi.SqlExceptionHelper.convert(SqlExceptionHelper.java:101) ~[hibernate-core-7.0.0.Final.jar:7.0.0.Final]
	at org.hibernate.sql.results.jdbc.internal.DeferredResultSetAccess.executeQuery(DeferredResultSetAccess.java:279) ~[hibernate-core-7.0.0.Final.jar:7.0.0.Final]
	at org.hibernate.sql.results.jdbc.internal.DeferredResultSetAccess.getResultSet(DeferredResultSetAccess.java:179) ~[hibernate-core-7.0.0.Final.jar:7.0.0.Final]
	at org.hibernate.sql.results.jdbc.internal.JdbcValuesResultSetImpl.<init>(JdbcValuesResultSetImpl.java:72) ~[hibernate-core-7.0.0.Final.jar:7.0.0.Final]
	at org.hibernate.sql.exec.internal.JdbcSelectExecutorStandardImpl.resolveJdbcValues(JdbcSelectExecutorStandardImpl.java:380) ~[hibernate-core-7.0.0.Final.jar:7.0.0.Final]
	at org.hibernate.sql.exec.internal.JdbcSelectExecutorStandardImpl.resolveJdbcValuesSource(JdbcSelectExecutorStandardImpl.java:340) ~[hibernate-core-7.0.0.Final.jar:7.0.0.Final]
	at org.hibernate.sql.exec.internal.JdbcSelectExecutorStandardImpl.doExecuteQuery(JdbcSelectExecutorStandardImpl.java:141) ~[hibernate-core-7.0.0.Final.jar:7.0.0.Final]
	at org.hibernate.sql.exec.internal.JdbcSelectExecutorStandardImpl.executeQuery(JdbcSelectExecutorStandardImpl.java:106) ~[hibernate-core-7.0.0.Final.jar:7.0.0.Final]
	at org.hibernate.sql.exec.spi.JdbcSelectExecutor.executeQuery(JdbcSelectExecutor.java:64) ~[hibernate-core-7.0.0.Final.jar:7.0.0.Final]
	at org.hibernate.sql.exec.spi.JdbcSelectExecutor.list(JdbcSelectExecutor.java:138) ~[hibernate-core-7.0.0.Final.jar:7.0.0.Final]
	at org.hibernate.query.sqm.internal.ConcreteSqmSelectQueryPlan.lambda$new$1(ConcreteSqmSelectQueryPlan.java:148) ~[hibernate-core-7.0.0.Final.jar:7.0.0.Final]
	at org.hibernate.query.sqm.internal.ConcreteSqmSelectQueryPlan.withCacheableSqmInterpretation(ConcreteSqmSelectQueryPlan.java:459) ~[hibernate-core-7.0.0.Final.jar:7.0.0.Final]
	at org.hibernate.query.sqm.internal.ConcreteSqmSelectQueryPlan.performList(ConcreteSqmSelectQueryPlan.java:392) ~[hibernate-core-7.0.0.Final.jar:7.0.0.Final]
	at org.hibernate.query.sqm.internal.QuerySqmImpl.doList(QuerySqmImpl.java:402) ~[hibernate-core-7.0.0.Final.jar:7.0.0.Final]
	at org.hibernate.query.spi.AbstractSelectionQuery.list(AbstractSelectionQuery.java:144) ~[hibernate-core-7.0.0.Final.jar:7.0.0.Final]
	at org.hibernate.query.Query.getResultList(Query.java:121) ~[hibernate-core-7.0.0.Final.jar:7.0.0.Final]
	at java.base/jdk.internal.reflect.DirectMethodHandleAccessor.invoke(DirectMethodHandleAccessor.java:103) ~[na:na]
	at java.base/java.lang.reflect.Method.invoke(Method.java:580) ~[na:na]
	at org.springframework.orm.jpa.SharedEntityManagerCreator$DeferredQueryInvocationHandler.invoke(SharedEntityManagerCreator.java:419) ~[spring-orm-6.2.6.jar:6.2.6]
	at jdk.proxy2/jdk.proxy2.$Proxy142.getResultList(Unknown Source) ~[na:na]
	at org.springframework.data.jpa.repository.query.JpaQueryExecution$CollectionExecution.doExecute(JpaQueryExecution.java:130) ~[spring-data-jpa-3.4.5.jar:3.4.5]
	at org.springframework.data.jpa.repository.query.JpaQueryExecution.execute(JpaQueryExecution.java:93) ~[spring-data-jpa-3.4.5.jar:3.4.5]
	at org.springframework.data.jpa.repository.query.AbstractJpaQuery.doExecute(AbstractJpaQuery.java:152) ~[spring-data-jpa-3.4.5.jar:3.4.5]
	at org.springframework.data.jpa.repository.query.AbstractJpaQuery.execute(AbstractJpaQuery.java:140) ~[spring-data-jpa-3.4.5.jar:3.4.5]
	at org.springframework.data.repository.core.support.RepositoryMethodInvoker.doInvoke(RepositoryMethodInvoker.java:170) ~[spring-data-commons-3.4.5.jar:3.4.5]
	at org.springframework.data.repository.core.support.RepositoryMethodInvoker.invoke(RepositoryMethodInvoker.java:158) ~[spring-data-commons-3.4.5.jar:3.4.5]
	at org.springframework.data.repository.core.support.QueryExecutorMethodInterceptor.doInvoke(QueryExecutorMethodInterceptor.java:170) ~[spring-data-commons-3.4.5.jar:3.4.5]
	at org.springframework.data.repository.core.support.QueryExecutorMethodInterceptor.invoke(QueryExecutorMethodInterceptor.java:149) ~[spring-data-commons-3.4.5.jar:3.4.5]
	at org.springframework.aop.framework.ReflectiveMethodInvocation.proceed(ReflectiveMethodInvocation.java:184) ~[spring-aop-6.2.6.jar:6.2.6]
	at org.springframework.data.projection.DefaultMethodInvokingMethodInterceptor.invoke(DefaultMethodInvokingMethodInterceptor.java:69) ~[spring-data-commons-3.4.5.jar:3.4.5]
	at org.springframework.aop.framework.ReflectiveMethodInvocation.proceed(ReflectiveMethodInvocation.java:184) ~[spring-aop-6.2.6.jar:6.2.6]
	at org.springframework.transaction.interceptor.TransactionAspectSupport.invokeWithinTransaction(TransactionAspectSupport.java:380) ~[spring-tx-6.2.6.jar:6.2.6]
	at org.springframework.transaction.interceptor.TransactionInterceptor.invoke(TransactionInterceptor.java:119) ~[spring-tx-6.2.6.jar:6.2.6]
	at org.springframework.aop.framework.ReflectiveMethodInvocation.proceed(ReflectiveMethodInvocation.java:184) ~[spring-aop-6.2.6.jar:6.2.6]
	at org.springframework.dao.support.PersistenceExceptionTranslationInterceptor.invoke(PersistenceExceptionTranslationInterceptor.java:138) ~[spring-tx-6.2.6.jar:6.2.6]
	... 44 common frames omitted
Caused by: org.postgresql.util.PSQLException: ERROR: relation "roles" does not exist
  Позиция: 49
	at org.postgresql.core.v3.QueryExecutorImpl.receiveErrorResponse(QueryExecutorImpl.java:2733) ~[postgresql-42.7.5.jar:42.7.5]
	at org.postgresql.core.v3.QueryExecutorImpl.processResults(QueryExecutorImpl.java:2420) ~[postgresql-42.7.5.jar:42.7.5]
	at org.postgresql.core.v3.QueryExecutorImpl.execute(QueryExecutorImpl.java:372) ~[postgresql-42.7.5.jar:42.7.5]
	at org.postgresql.jdbc.PgStatement.executeInternal(PgStatement.java:517) ~[postgresql-42.7.5.jar:42.7.5]
	at org.postgresql.jdbc.PgStatement.execute(PgStatement.java:434) ~[postgresql-42.7.5.jar:42.7.5]
	at org.postgresql.jdbc.PgPreparedStatement.executeWithFlags(PgPreparedStatement.java:194) ~[postgresql-42.7.5.jar:42.7.5]
	at org.postgresql.jdbc.PgPreparedStatement.executeQuery(PgPreparedStatement.java:137) ~[postgresql-42.7.5.jar:42.7.5]
	at com.zaxxer.hikari.pool.ProxyPreparedStatement.executeQuery(ProxyPreparedStatement.java:52) ~[HikariCP-6.3.0.jar:na]
	at com.zaxxer.hikari.pool.HikariProxyPreparedStatement.executeQuery(HikariProxyPreparedStatement.java) ~[HikariCP-6.3.0.jar:na]
	at org.hibernate.sql.results.jdbc.internal.DeferredResultSetAccess.executeQuery(DeferredResultSetAccess.java:260) ~[hibernate-core-7.0.0.Final.jar:7.0.0.Final]
	... 77 common frames omitted

2025-05-26T12:31:44.890+02:00  INFO 6508 --- [springsecurity] [main] c.s.security.SpringSecurityApplication   : Starting SpringSecurityApplication using Java 23.0.2 with PID 6508 (C:\Users\Aqura\IdeaProjects\SpringSecurity-\target\classes started by Aqura in C:\Users\Aqura\IdeaProjects\SpringSecurity-)
2025-05-26T12:31:44.893+02:00  INFO 6508 --- [springsecurity] [main] c.s.security.SpringSecurityApplication   : No active profile set, falling back to 1 default profile: "default"
2025-05-26T12:31:45.515+02:00  INFO 6508 --- [springsecurity] [main] .s.d.r.c.RepositoryConfigurationDelegate : Bootstrapping Spring Data JPA repositories in DEFAULT mode.
2025-05-26T12:31:45.571+02:00  INFO 6508 --- [springsecurity] [main] .s.d.r.c.RepositoryConfigurationDelegate : Finished Spring Data repository scanning in 48 ms. Found 2 JPA repository interfaces.
2025-05-26T12:31:45.732+02:00  INFO 6508 --- [springsecurity] [main] o.s.cloud.context.scope.GenericScope     : BeanFactory id=6e3c1655-2e71-3da6-a4df-d053659b2bdc
2025-05-26T12:31:46.053+02:00  INFO 6508 --- [springsecurity] [main] o.s.b.w.embedded.tomcat.TomcatWebServer  : Tomcat initialized with port 8080 (http)
2025-05-26T12:31:46.065+02:00  INFO 6508 --- [springsecurity] [main] o.apache.catalina.core.StandardService   : Starting service [Tomcat]
2025-05-26T12:31:46.065+02:00  INFO 6508 --- [springsecurity] [main] o.apache.catalina.core.StandardEngine    : Starting Servlet engine: [Apache Tomcat/10.1.40]
2025-05-26T12:31:46.116+02:00  INFO 6508 --- [springsecurity] [main] o.a.c.c.C.[Tomcat].[localhost].[/]       : Initializing Spring embedded WebApplicationContext
2025-05-26T12:31:46.116+02:00  INFO 6508 --- [springsecurity] [main] w.s.c.ServletWebServerApplicationContext : Root WebApplicationContext: initialization completed in 1180 ms
2025-05-26T12:31:46.248+02:00  INFO 6508 --- [springsecurity] [main] o.hibernate.jpa.internal.util.LogHelper  : HHH000204: Processing PersistenceUnitInfo [name: default]
2025-05-26T12:31:46.297+02:00  INFO 6508 --- [springsecurity] [main] org.hibernate.Version                    : HHH000412: Hibernate ORM core version 7.0.0.Final
2025-05-26T12:31:46.745+02:00  INFO 6508 --- [springsecurity] [main] o.s.o.j.p.SpringPersistenceUnitInfo      : No LoadTimeWeaver setup: ignoring JPA class transformer
2025-05-26T12:31:46.775+02:00  INFO 6508 --- [springsecurity] [main] com.zaxxer.hikari.HikariDataSource       : HikariPool - Starting...
2025-05-26T12:31:46.891+02:00  INFO 6508 --- [springsecurity] [main] com.zaxxer.hikari.pool.HikariPool        : HikariPool - Added connection org.postgresql.jdbc.PgConnection@474ce6b8
2025-05-26T12:31:46.892+02:00  INFO 6508 --- [springsecurity] [main] com.zaxxer.hikari.HikariDataSource       : HikariPool - Start completed.
2025-05-26T12:31:46.925+02:00  WARN 6508 --- [springsecurity] [main] org.hibernate.orm.deprecation            : HHH90000025: PostgreSQLDialect does not need to be specified explicitly using 'hibernate.dialect' (remove the property setting and it will be selected by default)
2025-05-26T12:31:46.947+02:00  INFO 6508 --- [springsecurity] [main] org.hibernate.orm.connections.pooling    : HHH10001005: Database info:
	Database JDBC URL [jdbc:postgresql://localhost:5433/postgres]
	Database driver: PostgreSQL JDBC Driver
	Database version: 17.4
	Autocommit mode: undefined/unknown
	Isolation level: READ_COMMITTED [default READ_COMMITTED]
	Pool: DatasourceConnectionProviderImpl
	Minimum pool size: undefined/unknown
	Maximum pool size: undefined/unknown
2025-05-26T12:31:47.745+02:00  INFO 6508 --- [springsecurity] [main] o.h.e.t.j.p.i.JtaPlatformInitiator       : HHH000489: No JTA platform available (set 'hibernate.transaction.jta.platform' to enable JTA platform integration)
2025-05-26T12:31:47.795+02:00 DEBUG 6508 --- [springsecurity] [main] org.hibernate.SQL                        : 
    create table roles (
        role_id bigint generated by default as identity,
        default boolean,
        name varchar(255) not null,
        primary key (role_id)
    )
2025-05-26T12:31:47.800+02:00  WARN 6508 --- [springsecurity] [main] o.h.t.s.i.ExceptionHandlerLoggedImpl     : GenerationTarget encountered exception accepting command : Error executing DDL "
    create table roles (
        role_id bigint generated by default as identity,
        default boolean,
        name varchar(255) not null,
        primary key (role_id)
    )" via JDBC [ERROR: syntax error at or near "default"
  Позиция: 95]

org.hibernate.tool.schema.spi.CommandAcceptanceException: Error executing DDL "
    create table roles (
        role_id bigint generated by default as identity,
        default boolean,
        name varchar(255) not null,
        primary key (role_id)
    )" via JDBC [ERROR: syntax error at or near "default"
  Позиция: 95]
	at org.hibernate.tool.schema.internal.exec.GenerationTargetToDatabase.accept(GenerationTargetToDatabase.java:93) ~[hibernate-core-7.0.0.Final.jar:7.0.0.Final]
	at org.hibernate.tool.schema.internal.AbstractSchemaMigrator.applySqlString(AbstractSchemaMigrator.java:573) ~[hibernate-core-7.0.0.Final.jar:7.0.0.Final]
	at org.hibernate.tool.schema.internal.AbstractSchemaMigrator.applySqlStrings(AbstractSchemaMigrator.java:513) ~[hibernate-core-7.0.0.Final.jar:7.0.0.Final]
	at org.hibernate.tool.schema.internal.AbstractSchemaMigrator.createTable(AbstractSchemaMigrator.java:313) ~[hibernate-core-7.0.0.Final.jar:7.0.0.Final]
	at org.hibernate.tool.schema.internal.GroupedSchemaMigratorImpl.performTablesMigration(GroupedSchemaMigratorImpl.java:78) ~[hibernate-core-7.0.0.Final.jar:7.0.0.Final]
	at org.hibernate.tool.schema.internal.AbstractSchemaMigrator.performMigration(AbstractSchemaMigrator.java:230) ~[hibernate-core-7.0.0.Final.jar:7.0.0.Final]
	at org.hibernate.tool.schema.internal.AbstractSchemaMigrator.doMigration(AbstractSchemaMigrator.java:109) ~[hibernate-core-7.0.0.Final.jar:7.0.0.Final]
	at org.hibernate.tool.schema.spi.SchemaManagementToolCoordinator.performDatabaseAction(SchemaManagementToolCoordinator.java:267) ~[hibernate-core-7.0.0.Final.jar:7.0.0.Final]
	at org.hibernate.tool.schema.spi.SchemaManagementToolCoordinator.lambda$process$5(SchemaManagementToolCoordinator.java:142) ~[hibernate-core-7.0.0.Final.jar:7.0.0.Final]
	at java.base/java.util.HashMap.forEach(HashMap.java:1430) ~[na:na]
	at org.hibernate.tool.schema.spi.SchemaManagementToolCoordinator.process(SchemaManagementToolCoordinator.java:139) ~[hibernate-core-7.0.0.Final.jar:7.0.0.Final]
	at org.hibernate.boot.internal.SessionFactoryObserverForSchemaExport.sessionFactoryCreated(SessionFactoryObserverForSchemaExport.java:35) ~[hibernate-core-7.0.0.Final.jar:7.0.0.Final]
	at org.hibernate.internal.SessionFactoryObserverChain.sessionFactoryCreated(SessionFactoryObserverChain.java:33) ~[hibernate-core-7.0.0.Final.jar:7.0.0.Final]
	at org.hibernate.internal.SessionFactoryImpl.<init>(SessionFactoryImpl.java:350) ~[hibernate-core-7.0.0.Final.jar:7.0.0.Final]
	at org.hibernate.boot.internal.SessionFactoryBuilderImpl.build(SessionFactoryBuilderImpl.java:430) ~[hibernate-core-7.0.0.Final.jar:7.0.0.Final]
	at org.hibernate.jpa.boot.internal.EntityManagerFactoryBuilderImpl.build(EntityManagerFactoryBuilderImpl.java:1477) ~[hibernate-core-7.0.0.Final.jar:7.0.0.Final]
	at org.springframework.orm.jpa.vendor.SpringHibernateJpaPersistenceProvider.createContainerEntityManagerFactory(SpringHibernateJpaPersistenceProvider.java:66) ~[spring-orm-6.2.6.jar:6.2.6]
	at org.springframework.orm.jpa.LocalContainerEntityManagerFactoryBean.createNativeEntityManagerFactory(LocalContainerEntityManagerFactoryBean.java:390) ~[spring-orm-6.2.6.jar:6.2.6]
	at org.springframework.orm.jpa.AbstractEntityManagerFactoryBean.buildNativeEntityManagerFactory(AbstractEntityManagerFactoryBean.java:419) ~[spring-orm-6.2.6.jar:6.2.6]
	at org.springframework.orm.jpa.AbstractEntityManagerFactoryBean.afterPropertiesSet(AbstractEntityManagerFactoryBean.java:400) ~[spring-orm-6.2.6.jar:6.2.6]
	at org.springframework.orm.jpa.LocalContainerEntityManagerFactoryBean.afterPropertiesSet(LocalContainerEntityManagerFactoryBean.java:366) ~[spring-orm-6.2.6.jar:6.2.6]
	at org.springframework.beans.factory.support.AbstractAutowireCapableBeanFactory.invokeInitMethods(AbstractAutowireCapableBeanFactory.java:1865) ~[spring-beans-6.2.6.jar:6.2.6]
	at org.springframework.beans.factory.support.AbstractAutowireCapableBeanFactory.initializeBean(AbstractAutowireCapableBeanFactory.java:1814) ~[spring-beans-6.2.6.jar:6.2.6]
	at org.springframework.beans.factory.support.AbstractAutowireCapableBeanFactory.doCreateBean(AbstractAutowireCapableBeanFactory.java:607) ~[spring-beans-6.2.6.jar:6.2.6]
	at org.springframework.beans.factory.support.AbstractAutowireCapableBeanFactory.createBean(AbstractAutowireCapableBeanFactory.java:529) ~[spring-beans-6.2.6.jar:6.2.6]
	at org.springframework.beans.factory.support.AbstractBeanFactory.lambda$doGetBean$0(AbstractBeanFactory.java:339) ~[spring-beans-6.2.6.jar:6.2.6]
	at org.springframework.beans.factory.support.DefaultSingletonBeanRegistry.getSingleton(DefaultSingletonBeanRegistry.java:371) ~[spring-beans-6.2.6.jar:6.2.6]
	at org.springframework.beans.factory.support.AbstractBeanFactory.doGetBean(AbstractBeanFactory.java:337) ~[spring-beans-6.2.6.jar:6.2.6]
	at org.springframework.beans.factory.support.AbstractBeanFactory.getBean(AbstractBeanFactory.java:202) ~[spring-beans-6.2.6.jar:6.2.6]
	at org.springframework.beans.factory.support.BeanDefinitionValueResolver.resolveReference(BeanDefinitionValueResolver.java:365) ~[spring-beans-6.2.6.jar:6.2.6]
	at org.springframework.beans.factory.support.BeanDefinitionValueResolver.resolveValueIfNecessary(BeanDefinitionValueResolver.java:135) ~[spring-beans-6.2.6.jar:6.2.6]
	at org.springframework.beans.factory.support.ConstructorResolver.resolveConstructorArguments(ConstructorResolver.java:691) ~[spring-beans-6.2.6.jar:6.2.6]
	at org.springframework.beans.factory.support.ConstructorResolver.instantiateUsingFactoryMethod(ConstructorResolver.java:513) ~[spring-beans-6.2.6.jar:6.2.6]
	at org.springframework.beans.factory.support.AbstractAutowireCapableBeanFactory.instantiateUsingFactoryMethod(AbstractAutowireCapableBeanFactory.java:1367) ~[spring-beans-6.2.6.jar:6.2.6]
	at org.springframework.beans.factory.support.AbstractAutowireCapableBeanFactory.createBeanInstance(AbstractAutowireCapableBeanFactory.java:1197) ~[spring-beans-6.2.6.jar:6.2.6]
	at org.springframework.beans.factory.support.AbstractAutowireCapableBeanFactory.doCreateBean(AbstractAutowireCapableBeanFactory.java:569) ~[spring-beans-6.2.6.jar:6.2.6]
	at org.springframework.beans.factory.support.AbstractAutowireCapableBeanFactory.createBean(AbstractAutowireCapableBeanFactory.java:529) ~[spring-beans-6.2.6.jar:6.2.6]
	at org.springframework.beans.factory.support.AbstractBeanFactory.lambda$doGetBean$0(AbstractBeanFactory.java:339) ~[spring-beans-6.2.6.jar:6.2.6]
	at org.springframework.beans.factory.support.DefaultSingletonBeanRegistry.getSingleton(DefaultSingletonBeanRegistry.java:371) ~[spring-beans-6.2.6.jar:6.2.6]
	at org.springframework.beans.factory.support.AbstractBeanFactory.doGetBean(AbstractBeanFactory.java:337) ~[spring-beans-6.2.6.jar:6.2.6]
	at org.springframework.beans.factory.support.AbstractBeanFactory.getBean(AbstractBeanFactory.java:202) ~[spring-beans-6.2.6.jar:6.2.6]
	at org.springframework.beans.factory.support.BeanDefinitionValueResolver.resolveReference(BeanDefinitionValueResolver.java:365) ~[spring-beans-6.2.6.jar:6.2.6]
	at org.springframework.beans.factory.support.BeanDefinitionValueResolver.resolveValueIfNecessary(BeanDefinitionValueResolver.java:135) ~[spring-beans-6.2.6.jar:6.2.6]
	at org.springframework.beans.factory.support.AbstractAutowireCapableBeanFactory.applyPropertyValues(AbstractAutowireCapableBeanFactory.java:1717) ~[spring-beans-6.2.6.jar:6.2.6]
	at org.springframework.beans.factory.support.AbstractAutowireCapableBeanFactory.populateBean(AbstractAutowireCapableBeanFactory.java:1466) ~[spring-beans-6.2.6.jar:6.2.6]
	at org.springframework.beans.factory.support.AbstractAutowireCapableBeanFactory.doCreateBean(AbstractAutowireCapableBeanFactory.java:606) ~[spring-beans-6.2.6.jar:6.2.6]
	at org.springframework.beans.factory.support.AbstractAutowireCapableBeanFactory.createBean(AbstractAutowireCapableBeanFactory.java:529) ~[spring-beans-6.2.6.jar:6.2.6]
	at org.springframework.beans.factory.support.AbstractBeanFactory.lambda$doGetBean$0(AbstractBeanFactory.java:339) ~[spring-beans-6.2.6.jar:6.2.6]
	at org.springframework.beans.factory.support.DefaultSingletonBeanRegistry.getSingleton(DefaultSingletonBeanRegistry.java:371) ~[spring-beans-6.2.6.jar:6.2.6]
	at org.springframework.beans.factory.support.AbstractBeanFactory.doGetBean(AbstractBeanFactory.java:337) ~[spring-beans-6.2.6.jar:6.2.6]
	at org.springframework.beans.factory.support.AbstractBeanFactory.getBean(AbstractBeanFactory.java:202) ~[spring-beans-6.2.6.jar:6.2.6]
	at org.springframework.beans.factory.support.DefaultListableBeanFactory.doResolveDependency(DefaultListableBeanFactory.java:1681) ~[spring-beans-6.2.6.jar:6.2.6]
	at org.springframework.beans.factory.support.DefaultListableBeanFactory.resolveDependency(DefaultListableBeanFactory.java:1627) ~[spring-beans-6.2.6.jar:6.2.6]
	at org.springframework.beans.factory.support.ConstructorResolver.resolveAutowiredArgument(ConstructorResolver.java:913) ~[spring-beans-6.2.6.jar:6.2.6]
	at org.springframework.beans.factory.support.ConstructorResolver.createArgumentArray(ConstructorResolver.java:791) ~[spring-beans-6.2.6.jar:6.2.6]
	at org.springframework.beans.factory.support.ConstructorResolver.autowireConstructor(ConstructorResolver.java:240) ~[spring-beans-6.2.6.jar:6.2.6]
	at org.springframework.beans.factory.support.AbstractAutowireCapableBeanFactory.autowireConstructor(AbstractAutowireCapableBeanFactory.java:1387) ~[spring-beans-6.2.6.jar:6.2.6]
	at org.springframework.beans.factory.support.AbstractAutowireCapableBeanFactory.createBeanInstance(AbstractAutowireCapableBeanFactory.java:1224) ~[spring-beans-6.2.6.jar:6.2.6]
	at org.springframework.beans.factory.support.AbstractAutowireCapableBeanFactory.doCreateBean(AbstractAutowireCapableBeanFactory.java:569) ~[spring-beans-6.2.6.jar:6.2.6]
	at org.springframework.beans.factory.support.AbstractAutowireCapableBeanFactory.createBean(AbstractAutowireCapableBeanFactory.java:529) ~[spring-beans-6.2.6.jar:6.2.6]
	at org.springframework.beans.factory.support.AbstractBeanFactory.lambda$doGetBean$0(AbstractBeanFactory.java:339) ~[spring-beans-6.2.6.jar:6.2.6]
	at org.springframework.beans.factory.support.DefaultSingletonBeanRegistry.getSingleton(DefaultSingletonBeanRegistry.java:371) ~[spring-beans-6.2.6.jar:6.2.6]
	at org.springframework.beans.factory.support.AbstractBeanFactory.doGetBean(AbstractBeanFactory.java:337) ~[spring-beans-6.2.6.jar:6.2.6]
	at org.springframework.beans.factory.support.AbstractBeanFactory.getBean(AbstractBeanFactory.java:202) ~[spring-beans-6.2.6.jar:6.2.6]
	at org.springframework.beans.factory.support.ConstructorResolver.instantiateUsingFactoryMethod(ConstructorResolver.java:413) ~[spring-beans-6.2.6.jar:6.2.6]
	at org.springframework.beans.factory.support.AbstractAutowireCapableBeanFactory.instantiateUsingFactoryMethod(AbstractAutowireCapableBeanFactory.java:1367) ~[spring-beans-6.2.6.jar:6.2.6]
	at org.springframework.beans.factory.support.AbstractAutowireCapableBeanFactory.createBeanInstance(AbstractAutowireCapableBeanFactory.java:1197) ~[spring-beans-6.2.6.jar:6.2.6]
	at org.springframework.beans.factory.support.AbstractAutowireCapableBeanFactory.doCreateBean(AbstractAutowireCapableBeanFactory.java:569) ~[spring-beans-6.2.6.jar:6.2.6]
	at org.springframework.beans.factory.support.AbstractAutowireCapableBeanFactory.createBean(AbstractAutowireCapableBeanFactory.java:529) ~[spring-beans-6.2.6.jar:6.2.6]
	at org.springframework.beans.factory.support.AbstractBeanFactory.lambda$doGetBean$0(AbstractBeanFactory.java:339) ~[spring-beans-6.2.6.jar:6.2.6]
	at org.springframework.beans.factory.support.DefaultSingletonBeanRegistry.getSingleton(DefaultSingletonBeanRegistry.java:371) ~[spring-beans-6.2.6.jar:6.2.6]
	at org.springframework.beans.factory.support.AbstractBeanFactory.doGetBean(AbstractBeanFactory.java:337) ~[spring-beans-6.2.6.jar:6.2.6]
	at org.springframework.beans.factory.support.AbstractBeanFactory.getBean(AbstractBeanFactory.java:202) ~[spring-beans-6.2.6.jar:6.2.6]
	at org.springframework.beans.factory.support.DefaultListableBeanFactory.doResolveDependency(DefaultListableBeanFactory.java:1681) ~[spring-beans-6.2.6.jar:6.2.6]
	at org.springframework.beans.factory.support.DefaultListableBeanFactory.resolveDependency(DefaultListableBeanFactory.java:1627) ~[spring-beans-6.2.6.jar:6.2.6]
	at org.springframework.beans.factory.support.ConstructorResolver.resolveAutowiredArgument(ConstructorResolver.java:913) ~[spring-beans-6.2.6.jar:6.2.6]
	at org.springframework.beans.factory.support.ConstructorResolver.createArgumentArray(ConstructorResolver.java:791) ~[spring-beans-6.2.6.jar:6.2.6]
	at org.springframework.beans.factory.support.ConstructorResolver.autowireConstructor(ConstructorResolver.java:240) ~[spring-beans-6.2.6.jar:6.2.6]
	at org.springframework.beans.factory.support.AbstractAutowireCapableBeanFactory.autowireConstructor(AbstractAutowireCapableBeanFactory.java:1387) ~[spring-beans-6.2.6.jar:6.2.6]
	at org.springframework.beans.factory.support.AbstractAutowireCapableBeanFactory.createBeanInstance(AbstractAutowireCapableBeanFactory.java:1224) ~[spring-beans-6.2.6.jar:6.2.6]
	at org.springframework.beans.factory.support.AbstractAutowireCapableBeanFactory.doCreateBean(AbstractAutowireCapableBeanFactory.java:569) ~[spring-beans-6.2.6.jar:6.2.6]
	at org.springframework.beans.factory.support.AbstractAutowireCapableBeanFactory.createBean(AbstractAutowireCapableBeanFactory.java:529) ~[spring-beans-6.2.6.jar:6.2.6]
	at org.springframework.beans.factory.support.AbstractBeanFactory.lambda$doGetBean$0(AbstractBeanFactory.java:339) ~[spring-beans-6.2.6.jar:6.2.6]
	at org.springframework.beans.factory.support.DefaultSingletonBeanRegistry.getSingleton(DefaultSingletonBeanRegistry.java:371) ~[spring-beans-6.2.6.jar:6.2.6]
	at org.springframework.beans.factory.support.AbstractBeanFactory.doGetBean(AbstractBeanFactory.java:337) ~[spring-beans-6.2.6.jar:6.2.6]
	at org.springframework.beans.factory.support.AbstractBeanFactory.getBean(AbstractBeanFactory.java:207) ~[spring-beans-6.2.6.jar:6.2.6]
	at org.springframework.boot.web.servlet.ServletContextInitializerBeans.getOrderedBeansOfType(ServletContextInitializerBeans.java:211) ~[spring-boot-3.4.5.jar:3.4.5]
	at org.springframework.boot.web.servlet.ServletContextInitializerBeans.addAsRegistrationBean(ServletContextInitializerBeans.java:174) ~[spring-boot-3.4.5.jar:3.4.5]
	at org.springframework.boot.web.servlet.ServletContextInitializerBeans.addAsRegistrationBean(ServletContextInitializerBeans.java:169) ~[spring-boot-3.4.5.jar:3.4.5]
	at org.springframework.boot.web.servlet.ServletContextInitializerBeans.addAdaptableBeans(ServletContextInitializerBeans.java:154) ~[spring-boot-3.4.5.jar:3.4.5]
	at org.springframework.boot.web.servlet.ServletContextInitializerBeans.<init>(ServletContextInitializerBeans.java:87) ~[spring-boot-3.4.5.jar:3.4.5]
	at org.springframework.boot.web.servlet.context.ServletWebServerApplicationContext.getServletContextInitializerBeans(ServletWebServerApplicationContext.java:271) ~[spring-boot-3.4.5.jar:3.4.5]
	at org.springframework.boot.web.servlet.context.ServletWebServerApplicationContext.selfInitialize(ServletWebServerApplicationContext.java:245) ~[spring-boot-3.4.5.jar:3.4.5]
	at org.springframework.boot.web.embedded.tomcat.TomcatStarter.onStartup(TomcatStarter.java:52) ~[spring-boot-3.4.5.jar:3.4.5]
	at org.apache.catalina.core.StandardContext.startInternal(StandardContext.java:4464) ~[tomcat-embed-core-10.1.40.jar:10.1.40]
	at org.apache.catalina.util.LifecycleBase.start(LifecycleBase.java:164) ~[tomcat-embed-core-10.1.40.jar:10.1.40]
	at org.apache.catalina.core.ContainerBase$StartChild.call(ContainerBase.java:1203) ~[tomcat-embed-core-10.1.40.jar:10.1.40]
	at org.apache.catalina.core.ContainerBase$StartChild.call(ContainerBase.java:1193) ~[tomcat-embed-core-10.1.40.jar:10.1.40]
	at java.base/java.util.concurrent.FutureTask.run(FutureTask.java:317) ~[na:na]
	at org.apache.tomcat.util.threads.InlineExecutorService.execute(InlineExecutorService.java:75) ~[tomcat-embed-core-10.1.40.jar:10.1.40]
	at java.base/java.util.concurrent.AbstractExecutorService.submit(AbstractExecutorService.java:148) ~[na:na]
	at org.apache.catalina.core.ContainerBase.startInternal(ContainerBase.java:749) ~[tomcat-embed-core-10.1.40.jar:10.1.40]
	at org.apache.catalina.core.StandardHost.startInternal(StandardHost.java:772) ~[tomcat-embed-core-10.1.40.jar:10.1.40]
	at org.apache.catalina.util.LifecycleBase.start(LifecycleBase.java:164) ~[tomcat-embed-core-10.1.40.jar:10.1.40]
	at org.apache.catalina.core.ContainerBase$StartChild.call(ContainerBase.java:1203) ~[tomcat-embed-core-10.1.40.jar:10.1.40]
	at org.apache.catalina.core.ContainerBase$StartChild.call(ContainerBase.java:1193) ~[tomcat-embed-core-10.1.40.jar:10.1.40]
	at java.base/java.util.concurrent.FutureTask.run(FutureTask.java:317) ~[na:na]
	at org.apache.tomcat.util.threads.InlineExecutorService.execute(InlineExecutorService.java:75) ~[tomcat-embed-core-10.1.40.jar:10.1.40]
	at java.base/java.util.concurrent.AbstractExecutorService.submit(AbstractExecutorService.java:148) ~[na:na]
	at org.apache.catalina.core.ContainerBase.startInternal(ContainerBase.java:749) ~[tomcat-embed-core-10.1.40.jar:10.1.40]
	at org.apache.catalina.core.StandardEngine.startInternal(StandardEngine.java:203) ~[tomcat-embed-core-10.1.40.jar:10.1.40]
	at org.apache.catalina.util.LifecycleBase.start(LifecycleBase.java:164) ~[tomcat-embed-core-10.1.40.jar:10.1.40]
	at org.apache.catalina.core.StandardService.startInternal(StandardService.java:412) ~[tomcat-embed-core-10.1.40.jar:10.1.40]
	at org.apache.catalina.util.LifecycleBase.start(LifecycleBase.java:164) ~[tomcat-embed-core-10.1.40.jar:10.1.40]
	at org.apache.catalina.core.StandardServer.startInternal(StandardServer.java:870) ~[tomcat-embed-core-10.1.40.jar:10.1.40]
	at org.apache.catalina.util.LifecycleBase.start(LifecycleBase.java:164) ~[tomcat-embed-core-10.1.40.jar:10.1.40]
	at org.apache.catalina.startup.Tomcat.start(Tomcat.java:438) ~[tomcat-embed-core-10.1.40.jar:10.1.40]
	at org.springframework.boot.web.embedded.tomcat.TomcatWebServer.initialize(TomcatWebServer.java:128) ~[spring-boot-3.4.5.jar:3.4.5]
	at org.springframework.boot.web.embedded.tomcat.TomcatWebServer.<init>(TomcatWebServer.java:107) ~[spring-boot-3.4.5.jar:3.4.5]
	at org.springframework.boot.web.embedded.tomcat.TomcatServletWebServerFactory.getTomcatWebServer(TomcatServletWebServerFactory.java:517) ~[spring-boot-3.4.5.jar:3.4.5]
	at org.springframework.boot.web.embedded.tomcat.TomcatServletWebServerFactory.getWebServer(TomcatServletWebServerFactory.java:219) ~[spring-boot-3.4.5.jar:3.4.5]
	at org.springframework.boot.web.servlet.context.ServletWebServerApplicationContext.createWebServer(ServletWebServerApplicationContext.java:193) ~[spring-boot-3.4.5.jar:3.4.5]
	at org.springframework.boot.web.servlet.context.ServletWebServerApplicationContext.onRefresh(ServletWebServerApplicationContext.java:167) ~[spring-boot-3.4.5.jar:3.4.5]
	at org.springframework.context.support.AbstractApplicationContext.refresh(AbstractApplicationContext.java:621) ~[spring-context-6.2.6.jar:6.2.6]
	at org.springframework.boot.web.servlet.context.ServletWebServerApplicationContext.refresh(ServletWebServerApplicationContext.java:146) ~[spring-boot-3.4.5.jar:3.4.5]
	at org.springframework.boot.SpringApplication.refresh(SpringApplication.java:753) ~[spring-boot-3.4.5.jar:3.4.5]
	at org.springframework.boot.SpringApplication.refreshContext(SpringApplication.java:439) ~[spring-boot-3.4.5.jar:3.4.5]
	at org.springframework.boot.SpringApplication.run(SpringApplication.java:318) ~[spring-boot-3.4.5.jar:3.4.5]
	at org.springframework.boot.SpringApplication.run(SpringApplication.java:1362) ~[spring-boot-3.4.5.jar:3.4.5]
	at org.springframework.boot.SpringApplication.run(SpringApplication.java:1351) ~[spring-boot-3.4.5.jar:3.4.5]
	at com.spring.security.SpringSecurityApplication.main(SpringSecurityApplication.java:10) ~[classes/:na]
Caused by: org.postgresql.util.PSQLException: ERROR: syntax error at or near "default"
  Позиция: 95
	at org.postgresql.core.v3.QueryExecutorImpl.receiveErrorResponse(QueryExecutorImpl.java:2733) ~[postgresql-42.7.5.jar:42.7.5]
	at org.postgresql.core.v3.QueryExecutorImpl.processResults(QueryExecutorImpl.java:2420) ~[postgresql-42.7.5.jar:42.7.5]
	at org.postgresql.core.v3.QueryExecutorImpl.execute(QueryExecutorImpl.java:372) ~[postgresql-42.7.5.jar:42.7.5]
	at org.postgresql.jdbc.PgStatement.executeInternal(PgStatement.java:517) ~[postgresql-42.7.5.jar:42.7.5]
	at org.postgresql.jdbc.PgStatement.execute(PgStatement.java:434) ~[postgresql-42.7.5.jar:42.7.5]
	at org.postgresql.jdbc.PgStatement.executeWithFlags(PgStatement.java:356) ~[postgresql-42.7.5.jar:42.7.5]
	at org.postgresql.jdbc.PgStatement.executeCachedSql(PgStatement.java:341) ~[postgresql-42.7.5.jar:42.7.5]
	at org.postgresql.jdbc.PgStatement.executeWithFlags(PgStatement.java:317) ~[postgresql-42.7.5.jar:42.7.5]
	at org.postgresql.jdbc.PgStatement.execute(PgStatement.java:312) ~[postgresql-42.7.5.jar:42.7.5]
	at com.zaxxer.hikari.pool.ProxyStatement.execute(ProxyStatement.java:95) ~[HikariCP-6.3.0.jar:na]
	at com.zaxxer.hikari.pool.HikariProxyStatement.execute(HikariProxyStatement.java) ~[HikariCP-6.3.0.jar:na]
	at org.hibernate.tool.schema.internal.exec.GenerationTargetToDatabase.accept(GenerationTargetToDatabase.java:79) ~[hibernate-core-7.0.0.Final.jar:7.0.0.Final]
	... 130 common frames omitted

2025-05-26T12:31:47.911+02:00 DEBUG 6508 --- [springsecurity] [main] org.hibernate.SQL                        : 
    alter table if exists user_roles 
       add constraint FKh8ciramu9cc9q3qcqiv4ue8a6 
       foreign key (role_id) 
       references roles
2025-05-26T12:31:47.913+02:00  WARN 6508 --- [springsecurity] [main] o.h.t.s.i.ExceptionHandlerLoggedImpl     : GenerationTarget encountered exception accepting command : Error executing DDL "
    alter table if exists user_roles 
       add constraint FKh8ciramu9cc9q3qcqiv4ue8a6 
       foreign key (role_id) 
       references roles" via JDBC [ERROR: relation "roles" does not exist]

org.hibernate.tool.schema.spi.CommandAcceptanceException: Error executing DDL "
    alter table if exists user_roles 
       add constraint FKh8ciramu9cc9q3qcqiv4ue8a6 
       foreign key (role_id) 
       references roles" via JDBC [ERROR: relation "roles" does not exist]
	at org.hibernate.tool.schema.internal.exec.GenerationTargetToDatabase.accept(GenerationTargetToDatabase.java:93) ~[hibernate-core-7.0.0.Final.jar:7.0.0.Final]
	at org.hibernate.tool.schema.internal.AbstractSchemaMigrator.applySqlString(AbstractSchemaMigrator.java:573) ~[hibernate-core-7.0.0.Final.jar:7.0.0.Final]
	at org.hibernate.tool.schema.internal.AbstractSchemaMigrator.applySqlStrings(AbstractSchemaMigrator.java:513) ~[hibernate-core-7.0.0.Final.jar:7.0.0.Final]
	at org.hibernate.tool.schema.internal.AbstractSchemaMigrator.applyForeignKeys(AbstractSchemaMigrator.java:445) ~[hibernate-core-7.0.0.Final.jar:7.0.0.Final]
	at org.hibernate.tool.schema.internal.AbstractSchemaMigrator.performMigration(AbstractSchemaMigrator.java:266) ~[hibernate-core-7.0.0.Final.jar:7.0.0.Final]
	at org.hibernate.tool.schema.internal.AbstractSchemaMigrator.doMigration(AbstractSchemaMigrator.java:109) ~[hibernate-core-7.0.0.Final.jar:7.0.0.Final]
	at org.hibernate.tool.schema.spi.SchemaManagementToolCoordinator.performDatabaseAction(SchemaManagementToolCoordinator.java:267) ~[hibernate-core-7.0.0.Final.jar:7.0.0.Final]
	at org.hibernate.tool.schema.spi.SchemaManagementToolCoordinator.lambda$process$5(SchemaManagementToolCoordinator.java:142) ~[hibernate-core-7.0.0.Final.jar:7.0.0.Final]
	at java.base/java.util.HashMap.forEach(HashMap.java:1430) ~[na:na]
	at org.hibernate.tool.schema.spi.SchemaManagementToolCoordinator.process(SchemaManagementToolCoordinator.java:139) ~[hibernate-core-7.0.0.Final.jar:7.0.0.Final]
	at org.hibernate.boot.internal.SessionFactoryObserverForSchemaExport.sessionFactoryCreated(SessionFactoryObserverForSchemaExport.java:35) ~[hibernate-core-7.0.0.Final.jar:7.0.0.Final]
	at org.hibernate.internal.SessionFactoryObserverChain.sessionFactoryCreated(SessionFactoryObserverChain.java:33) ~[hibernate-core-7.0.0.Final.jar:7.0.0.Final]
	at org.hibernate.internal.SessionFactoryImpl.<init>(SessionFactoryImpl.java:350) ~[hibernate-core-7.0.0.Final.jar:7.0.0.Final]
	at org.hibernate.boot.internal.SessionFactoryBuilderImpl.build(SessionFactoryBuilderImpl.java:430) ~[hibernate-core-7.0.0.Final.jar:7.0.0.Final]
	at org.hibernate.jpa.boot.internal.EntityManagerFactoryBuilderImpl.build(EntityManagerFactoryBuilderImpl.java:1477) ~[hibernate-core-7.0.0.Final.jar:7.0.0.Final]
	at org.springframework.orm.jpa.vendor.SpringHibernateJpaPersistenceProvider.createContainerEntityManagerFactory(SpringHibernateJpaPersistenceProvider.java:66) ~[spring-orm-6.2.6.jar:6.2.6]
	at org.springframework.orm.jpa.LocalContainerEntityManagerFactoryBean.createNativeEntityManagerFactory(LocalContainerEntityManagerFactoryBean.java:390) ~[spring-orm-6.2.6.jar:6.2.6]
	at org.springframework.orm.jpa.AbstractEntityManagerFactoryBean.buildNativeEntityManagerFactory(AbstractEntityManagerFactoryBean.java:419) ~[spring-orm-6.2.6.jar:6.2.6]
	at org.springframework.orm.jpa.AbstractEntityManagerFactoryBean.afterPropertiesSet(AbstractEntityManagerFactoryBean.java:400) ~[spring-orm-6.2.6.jar:6.2.6]
	at org.springframework.orm.jpa.LocalContainerEntityManagerFactoryBean.afterPropertiesSet(LocalContainerEntityManagerFactoryBean.java:366) ~[spring-orm-6.2.6.jar:6.2.6]
	at org.springframework.beans.factory.support.AbstractAutowireCapableBeanFactory.invokeInitMethods(AbstractAutowireCapableBeanFactory.java:1865) ~[spring-beans-6.2.6.jar:6.2.6]
	at org.springframework.beans.factory.support.AbstractAutowireCapableBeanFactory.initializeBean(AbstractAutowireCapableBeanFactory.java:1814) ~[spring-beans-6.2.6.jar:6.2.6]
	at org.springframework.beans.factory.support.AbstractAutowireCapableBeanFactory.doCreateBean(AbstractAutowireCapableBeanFactory.java:607) ~[spring-beans-6.2.6.jar:6.2.6]
	at org.springframework.beans.factory.support.AbstractAutowireCapableBeanFactory.createBean(AbstractAutowireCapableBeanFactory.java:529) ~[spring-beans-6.2.6.jar:6.2.6]
	at org.springframework.beans.factory.support.AbstractBeanFactory.lambda$doGetBean$0(AbstractBeanFactory.java:339) ~[spring-beans-6.2.6.jar:6.2.6]
	at org.springframework.beans.factory.support.DefaultSingletonBeanRegistry.getSingleton(DefaultSingletonBeanRegistry.java:371) ~[spring-beans-6.2.6.jar:6.2.6]
	at org.springframework.beans.factory.support.AbstractBeanFactory.doGetBean(AbstractBeanFactory.java:337) ~[spring-beans-6.2.6.jar:6.2.6]
	at org.springframework.beans.factory.support.AbstractBeanFactory.getBean(AbstractBeanFactory.java:202) ~[spring-beans-6.2.6.jar:6.2.6]
	at org.springframework.beans.factory.support.BeanDefinitionValueResolver.resolveReference(BeanDefinitionValueResolver.java:365) ~[spring-beans-6.2.6.jar:6.2.6]
	at org.springframework.beans.factory.support.BeanDefinitionValueResolver.resolveValueIfNecessary(BeanDefinitionValueResolver.java:135) ~[spring-beans-6.2.6.jar:6.2.6]
	at org.springframework.beans.factory.support.ConstructorResolver.resolveConstructorArguments(ConstructorResolver.java:691) ~[spring-beans-6.2.6.jar:6.2.6]
	at org.springframework.beans.factory.support.ConstructorResolver.instantiateUsingFactoryMethod(ConstructorResolver.java:513) ~[spring-beans-6.2.6.jar:6.2.6]
	at org.springframework.beans.factory.support.AbstractAutowireCapableBeanFactory.instantiateUsingFactoryMethod(AbstractAutowireCapableBeanFactory.java:1367) ~[spring-beans-6.2.6.jar:6.2.6]
	at org.springframework.beans.factory.support.AbstractAutowireCapableBeanFactory.createBeanInstance(AbstractAutowireCapableBeanFactory.java:1197) ~[spring-beans-6.2.6.jar:6.2.6]
	at org.springframework.beans.factory.support.AbstractAutowireCapableBeanFactory.doCreateBean(AbstractAutowireCapableBeanFactory.java:569) ~[spring-beans-6.2.6.jar:6.2.6]
	at org.springframework.beans.factory.support.AbstractAutowireCapableBeanFactory.createBean(AbstractAutowireCapableBeanFactory.java:529) ~[spring-beans-6.2.6.jar:6.2.6]
	at org.springframework.beans.factory.support.AbstractBeanFactory.lambda$doGetBean$0(AbstractBeanFactory.java:339) ~[spring-beans-6.2.6.jar:6.2.6]
	at org.springframework.beans.factory.support.DefaultSingletonBeanRegistry.getSingleton(DefaultSingletonBeanRegistry.java:371) ~[spring-beans-6.2.6.jar:6.2.6]
	at org.springframework.beans.factory.support.AbstractBeanFactory.doGetBean(AbstractBeanFactory.java:337) ~[spring-beans-6.2.6.jar:6.2.6]
	at org.springframework.beans.factory.support.AbstractBeanFactory.getBean(AbstractBeanFactory.java:202) ~[spring-beans-6.2.6.jar:6.2.6]
	at org.springframework.beans.factory.support.BeanDefinitionValueResolver.resolveReference(BeanDefinitionValueResolver.java:365) ~[spring-beans-6.2.6.jar:6.2.6]
	at org.springframework.beans.factory.support.BeanDefinitionValueResolver.resolveValueIfNecessary(BeanDefinitionValueResolver.java:135) ~[spring-beans-6.2.6.jar:6.2.6]
	at org.springframework.beans.factory.support.AbstractAutowireCapableBeanFactory.applyPropertyValues(AbstractAutowireCapableBeanFactory.java:1717) ~[spring-beans-6.2.6.jar:6.2.6]
	at org.springframework.beans.factory.support.AbstractAutowireCapableBeanFactory.populateBean(AbstractAutowireCapableBeanFactory.java:1466) ~[spring-beans-6.2.6.jar:6.2.6]
	at org.springframework.beans.factory.support.AbstractAutowireCapableBeanFactory.doCreateBean(AbstractAutowireCapableBeanFactory.java:606) ~[spring-beans-6.2.6.jar:6.2.6]
	at org.springframework.beans.factory.support.AbstractAutowireCapableBeanFactory.createBean(AbstractAutowireCapableBeanFactory.java:529) ~[spring-beans-6.2.6.jar:6.2.6]
	at org.springframework.beans.factory.support.AbstractBeanFactory.lambda$doGetBean$0(AbstractBeanFactory.java:339) ~[spring-beans-6.2.6.jar:6.2.6]
	at org.springframework.beans.factory.support.DefaultSingletonBeanRegistry.getSingleton(DefaultSingletonBeanRegistry.java:371) ~[spring-beans-6.2.6.jar:6.2.6]
	at org.springframework.beans.factory.support.AbstractBeanFactory.doGetBean(AbstractBeanFactory.java:337) ~[spring-beans-6.2.6.jar:6.2.6]
	at org.springframework.beans.factory.support.AbstractBeanFactory.getBean(AbstractBeanFactory.java:202) ~[spring-beans-6.2.6.jar:6.2.6]
	at org.springframework.beans.factory.support.DefaultListableBeanFactory.doResolveDependency(DefaultListableBeanFactory.java:1681) ~[spring-beans-6.2.6.jar:6.2.6]
	at org.springframework.beans.factory.support.DefaultListableBeanFactory.resolveDependency(DefaultListableBeanFactory.java:1627) ~[spring-beans-6.2.6.jar:6.2.6]
	at org.springframework.beans.factory.support.ConstructorResolver.resolveAutowiredArgument(ConstructorResolver.java:913) ~[spring-beans-6.2.6.jar:6.2.6]
	at org.springframework.beans.factory.support.ConstructorResolver.createArgumentArray(ConstructorResolver.java:791) ~[spring-beans-6.2.6.jar:6.2.6]
	at org.springframework.beans.factory.support.ConstructorResolver.autowireConstructor(ConstructorResolver.java:240) ~[spring-beans-6.2.6.jar:6.2.6]
	at org.springframework.beans.factory.support.AbstractAutowireCapableBeanFactory.autowireConstructor(AbstractAutowireCapableBeanFactory.java:1387) ~[spring-beans-6.2.6.jar:6.2.6]
	at org.springframework.beans.factory.support.AbstractAutowireCapableBeanFactory.createBeanInstance(AbstractAutowireCapableBeanFactory.java:1224) ~[spring-beans-6.2.6.jar:6.2.6]
	at org.springframework.beans.factory.support.AbstractAutowireCapableBeanFactory.doCreateBean(AbstractAutowireCapableBeanFactory.java:569) ~[spring-beans-6.2.6.jar:6.2.6]
	at org.springframework.beans.factory.support.AbstractAutowireCapableBeanFactory.createBean(AbstractAutowireCapableBeanFactory.java:529) ~[spring-beans-6.2.6.jar:6.2.6]
	at org.springframework.beans.factory.support.AbstractBeanFactory.lambda$doGetBean$0(AbstractBeanFactory.java:339) ~[spring-beans-6.2.6.jar:6.2.6]
	at org.springframework.beans.factory.support.DefaultSingletonBeanRegistry.getSingleton(DefaultSingletonBeanRegistry.java:371) ~[spring-beans-6.2.6.jar:6.2.6]
	at org.springframework.beans.factory.support.AbstractBeanFactory.doGetBean(AbstractBeanFactory.java:337) ~[spring-beans-6.2.6.jar:6.2.6]
	at org.springframework.beans.factory.support.AbstractBeanFactory.getBean(AbstractBeanFactory.java:202) ~[spring-beans-6.2.6.jar:6.2.6]
	at org.springframework.beans.factory.support.ConstructorResolver.instantiateUsingFactoryMethod(ConstructorResolver.java:413) ~[spring-beans-6.2.6.jar:6.2.6]
	at org.springframework.beans.factory.support.AbstractAutowireCapableBeanFactory.instantiateUsingFactoryMethod(AbstractAutowireCapableBeanFactory.java:1367) ~[spring-beans-6.2.6.jar:6.2.6]
	at org.springframework.beans.factory.support.AbstractAutowireCapableBeanFactory.createBeanInstance(AbstractAutowireCapableBeanFactory.java:1197) ~[spring-beans-6.2.6.jar:6.2.6]
	at org.springframework.beans.factory.support.AbstractAutowireCapableBeanFactory.doCreateBean(AbstractAutowireCapableBeanFactory.java:569) ~[spring-beans-6.2.6.jar:6.2.6]
	at org.springframework.beans.factory.support.AbstractAutowireCapableBeanFactory.createBean(AbstractAutowireCapableBeanFactory.java:529) ~[spring-beans-6.2.6.jar:6.2.6]
	at org.springframework.beans.factory.support.AbstractBeanFactory.lambda$doGetBean$0(AbstractBeanFactory.java:339) ~[spring-beans-6.2.6.jar:6.2.6]
	at org.springframework.beans.factory.support.DefaultSingletonBeanRegistry.getSingleton(DefaultSingletonBeanRegistry.java:371) ~[spring-beans-6.2.6.jar:6.2.6]
	at org.springframework.beans.factory.support.AbstractBeanFactory.doGetBean(AbstractBeanFactory.java:337) ~[spring-beans-6.2.6.jar:6.2.6]
	at org.springframework.beans.factory.support.AbstractBeanFactory.getBean(AbstractBeanFactory.java:202) ~[spring-beans-6.2.6.jar:6.2.6]
	at org.springframework.beans.factory.support.DefaultListableBeanFactory.doResolveDependency(DefaultListableBeanFactory.java:1681) ~[spring-beans-6.2.6.jar:6.2.6]
	at org.springframework.beans.factory.support.DefaultListableBeanFactory.resolveDependency(DefaultListableBeanFactory.java:1627) ~[spring-beans-6.2.6.jar:6.2.6]
	at org.springframework.beans.factory.support.ConstructorResolver.resolveAutowiredArgument(ConstructorResolver.java:913) ~[spring-beans-6.2.6.jar:6.2.6]
	at org.springframework.beans.factory.support.ConstructorResolver.createArgumentArray(ConstructorResolver.java:791) ~[spring-beans-6.2.6.jar:6.2.6]
	at org.springframework.beans.factory.support.ConstructorResolver.autowireConstructor(ConstructorResolver.java:240) ~[spring-beans-6.2.6.jar:6.2.6]
	at org.springframework.beans.factory.support.AbstractAutowireCapableBeanFactory.autowireConstructor(AbstractAutowireCapableBeanFactory.java:1387) ~[spring-beans-6.2.6.jar:6.2.6]
	at org.springframework.beans.factory.support.AbstractAutowireCapableBeanFactory.createBeanInstance(AbstractAutowireCapableBeanFactory.java:1224) ~[spring-beans-6.2.6.jar:6.2.6]
	at org.springframework.beans.factory.support.AbstractAutowireCapableBeanFactory.doCreateBean(AbstractAutowireCapableBeanFactory.java:569) ~[spring-beans-6.2.6.jar:6.2.6]
	at org.springframework.beans.factory.support.AbstractAutowireCapableBeanFactory.createBean(AbstractAutowireCapableBeanFactory.java:529) ~[spring-beans-6.2.6.jar:6.2.6]
	at org.springframework.beans.factory.support.AbstractBeanFactory.lambda$doGetBean$0(AbstractBeanFactory.java:339) ~[spring-beans-6.2.6.jar:6.2.6]
	at org.springframework.beans.factory.support.DefaultSingletonBeanRegistry.getSingleton(DefaultSingletonBeanRegistry.java:371) ~[spring-beans-6.2.6.jar:6.2.6]
	at org.springframework.beans.factory.support.AbstractBeanFactory.doGetBean(AbstractBeanFactory.java:337) ~[spring-beans-6.2.6.jar:6.2.6]
	at org.springframework.beans.factory.support.AbstractBeanFactory.getBean(AbstractBeanFactory.java:207) ~[spring-beans-6.2.6.jar:6.2.6]
	at org.springframework.boot.web.servlet.ServletContextInitializerBeans.getOrderedBeansOfType(ServletContextInitializerBeans.java:211) ~[spring-boot-3.4.5.jar:3.4.5]
	at org.springframework.boot.web.servlet.ServletContextInitializerBeans.addAsRegistrationBean(ServletContextInitializerBeans.java:174) ~[spring-boot-3.4.5.jar:3.4.5]
	at org.springframework.boot.web.servlet.ServletContextInitializerBeans.addAsRegistrationBean(ServletContextInitializerBeans.java:169) ~[spring-boot-3.4.5.jar:3.4.5]
	at org.springframework.boot.web.servlet.ServletContextInitializerBeans.addAdaptableBeans(ServletContextInitializerBeans.java:154) ~[spring-boot-3.4.5.jar:3.4.5]
	at org.springframework.boot.web.servlet.ServletContextInitializerBeans.<init>(ServletContextInitializerBeans.java:87) ~[spring-boot-3.4.5.jar:3.4.5]
	at org.springframework.boot.web.servlet.context.ServletWebServerApplicationContext.getServletContextInitializerBeans(ServletWebServerApplicationContext.java:271) ~[spring-boot-3.4.5.jar:3.4.5]
	at org.springframework.boot.web.servlet.context.ServletWebServerApplicationContext.selfInitialize(ServletWebServerApplicationContext.java:245) ~[spring-boot-3.4.5.jar:3.4.5]
	at org.springframework.boot.web.embedded.tomcat.TomcatStarter.onStartup(TomcatStarter.java:52) ~[spring-boot-3.4.5.jar:3.4.5]
	at org.apache.catalina.core.StandardContext.startInternal(StandardContext.java:4464) ~[tomcat-embed-core-10.1.40.jar:10.1.40]
	at org.apache.catalina.util.LifecycleBase.start(LifecycleBase.java:164) ~[tomcat-embed-core-10.1.40.jar:10.1.40]
	at org.apache.catalina.core.ContainerBase$StartChild.call(ContainerBase.java:1203) ~[tomcat-embed-core-10.1.40.jar:10.1.40]
	at org.apache.catalina.core.ContainerBase$StartChild.call(ContainerBase.java:1193) ~[tomcat-embed-core-10.1.40.jar:10.1.40]
	at java.base/java.util.concurrent.FutureTask.run(FutureTask.java:317) ~[na:na]
	at org.apache.tomcat.util.threads.InlineExecutorService.execute(InlineExecutorService.java:75) ~[tomcat-embed-core-10.1.40.jar:10.1.40]
	at java.base/java.util.concurrent.AbstractExecutorService.submit(AbstractExecutorService.java:148) ~[na:na]
	at org.apache.catalina.core.ContainerBase.startInternal(ContainerBase.java:749) ~[tomcat-embed-core-10.1.40.jar:10.1.40]
	at org.apache.catalina.core.StandardHost.startInternal(StandardHost.java:772) ~[tomcat-embed-core-10.1.40.jar:10.1.40]
	at org.apache.catalina.util.LifecycleBase.start(LifecycleBase.java:164) ~[tomcat-embed-core-10.1.40.jar:10.1.40]
	at org.apache.catalina.core.ContainerBase$StartChild.call(ContainerBase.java:1203) ~[tomcat-embed-core-10.1.40.jar:10.1.40]
	at org.apache.catalina.core.ContainerBase$StartChild.call(ContainerBase.java:1193) ~[tomcat-embed-core-10.1.40.jar:10.1.40]
	at java.base/java.util.concurrent.FutureTask.run(FutureTask.java:317) ~[na:na]
	at org.apache.tomcat.util.threads.InlineExecutorService.execute(InlineExecutorService.java:75) ~[tomcat-embed-core-10.1.40.jar:10.1.40]
	at java.base/java.util.concurrent.AbstractExecutorService.submit(AbstractExecutorService.java:148) ~[na:na]
	at org.apache.catalina.core.ContainerBase.startInternal(ContainerBase.java:749) ~[tomcat-embed-core-10.1.40.jar:10.1.40]
	at org.apache.catalina.core.StandardEngine.startInternal(StandardEngine.java:203) ~[tomcat-embed-core-10.1.40.jar:10.1.40]
	at org.apache.catalina.util.LifecycleBase.start(LifecycleBase.java:164) ~[tomcat-embed-core-10.1.40.jar:10.1.40]
	at org.apache.catalina.core.StandardService.startInternal(StandardService.java:412) ~[tomcat-embed-core-10.1.40.jar:10.1.40]
	at org.apache.catalina.util.LifecycleBase.start(LifecycleBase.java:164) ~[tomcat-embed-core-10.1.40.jar:10.1.40]
	at org.apache.catalina.core.StandardServer.startInternal(StandardServer.java:870) ~[tomcat-embed-core-10.1.40.jar:10.1.40]
	at org.apache.catalina.util.LifecycleBase.start(LifecycleBase.java:164) ~[tomcat-embed-core-10.1.40.jar:10.1.40]
	at org.apache.catalina.startup.Tomcat.start(Tomcat.java:438) ~[tomcat-embed-core-10.1.40.jar:10.1.40]
	at org.springframework.boot.web.embedded.tomcat.TomcatWebServer.initialize(TomcatWebServer.java:128) ~[spring-boot-3.4.5.jar:3.4.5]
	at org.springframework.boot.web.embedded.tomcat.TomcatWebServer.<init>(TomcatWebServer.java:107) ~[spring-boot-3.4.5.jar:3.4.5]
	at org.springframework.boot.web.embedded.tomcat.TomcatServletWebServerFactory.getTomcatWebServer(TomcatServletWebServerFactory.java:517) ~[spring-boot-3.4.5.jar:3.4.5]
	at org.springframework.boot.web.embedded.tomcat.TomcatServletWebServerFactory.getWebServer(TomcatServletWebServerFactory.java:219) ~[spring-boot-3.4.5.jar:3.4.5]
	at org.springframework.boot.web.servlet.context.ServletWebServerApplicationContext.createWebServer(ServletWebServerApplicationContext.java:193) ~[spring-boot-3.4.5.jar:3.4.5]
	at org.springframework.boot.web.servlet.context.ServletWebServerApplicationContext.onRefresh(ServletWebServerApplicationContext.java:167) ~[spring-boot-3.4.5.jar:3.4.5]
	at org.springframework.context.support.AbstractApplicationContext.refresh(AbstractApplicationContext.java:621) ~[spring-context-6.2.6.jar:6.2.6]
	at org.springframework.boot.web.servlet.context.ServletWebServerApplicationContext.refresh(ServletWebServerApplicationContext.java:146) ~[spring-boot-3.4.5.jar:3.4.5]
	at org.springframework.boot.SpringApplication.refresh(SpringApplication.java:753) ~[spring-boot-3.4.5.jar:3.4.5]
	at org.springframework.boot.SpringApplication.refreshContext(SpringApplication.java:439) ~[spring-boot-3.4.5.jar:3.4.5]
	at org.springframework.boot.SpringApplication.run(SpringApplication.java:318) ~[spring-boot-3.4.5.jar:3.4.5]
	at org.springframework.boot.SpringApplication.run(SpringApplication.java:1362) ~[spring-boot-3.4.5.jar:3.4.5]
	at org.springframework.boot.SpringApplication.run(SpringApplication.java:1351) ~[spring-boot-3.4.5.jar:3.4.5]
	at com.spring.security.SpringSecurityApplication.main(SpringSecurityApplication.java:10) ~[classes/:na]
Caused by: org.postgresql.util.PSQLException: ERROR: relation "roles" does not exist
	at org.postgresql.core.v3.QueryExecutorImpl.receiveErrorResponse(QueryExecutorImpl.java:2733) ~[postgresql-42.7.5.jar:42.7.5]
	at org.postgresql.core.v3.QueryExecutorImpl.processResults(QueryExecutorImpl.java:2420) ~[postgresql-42.7.5.jar:42.7.5]
	at org.postgresql.core.v3.QueryExecutorImpl.execute(QueryExecutorImpl.java:372) ~[postgresql-42.7.5.jar:42.7.5]
	at org.postgresql.jdbc.PgStatement.executeInternal(PgStatement.java:517) ~[postgresql-42.7.5.jar:42.7.5]
	at org.postgresql.jdbc.PgStatement.execute(PgStatement.java:434) ~[postgresql-42.7.5.jar:42.7.5]
	at org.postgresql.jdbc.PgStatement.executeWithFlags(PgStatement.java:356) ~[postgresql-42.7.5.jar:42.7.5]
	at org.postgresql.jdbc.PgStatement.executeCachedSql(PgStatement.java:341) ~[postgresql-42.7.5.jar:42.7.5]
	at org.postgresql.jdbc.PgStatement.executeWithFlags(PgStatement.java:317) ~[postgresql-42.7.5.jar:42.7.5]
	at org.postgresql.jdbc.PgStatement.execute(PgStatement.java:312) ~[postgresql-42.7.5.jar:42.7.5]
	at com.zaxxer.hikari.pool.ProxyStatement.execute(ProxyStatement.java:95) ~[HikariCP-6.3.0.jar:na]
	at com.zaxxer.hikari.pool.HikariProxyStatement.execute(HikariProxyStatement.java) ~[HikariCP-6.3.0.jar:na]
	at org.hibernate.tool.schema.internal.exec.GenerationTargetToDatabase.accept(GenerationTargetToDatabase.java:79) ~[hibernate-core-7.0.0.Final.jar:7.0.0.Final]
	... 129 common frames omitted

2025-05-26T12:31:47.918+02:00  INFO 6508 --- [springsecurity] [main] j.LocalContainerEntityManagerFactoryBean : Initialized JPA EntityManagerFactory for persistence unit 'default'
2025-05-26T12:31:48.307+02:00  INFO 6508 --- [springsecurity] [main] eAuthenticationProviderManagerConfigurer : Global AuthenticationManager configured with AuthenticationProvider bean with name authenticationProvider
2025-05-26T12:31:48.307+02:00  WARN 6508 --- [springsecurity] [main] r$InitializeUserDetailsManagerConfigurer : Global AuthenticationManager configured with an AuthenticationProvider bean. UserDetailsService beans will not be used by Spring Security for automatically configuring username/password login. Consider removing the AuthenticationProvider bean. Alternatively, consider using the UserDetailsService in a manually instantiated DaoAuthenticationProvider. If the current configuration is intentional, to turn off this warning, increase the logging level of 'org.springframework.security.config.annotation.authentication.configuration.InitializeUserDetailsBeanManagerConfigurer' to ERROR
2025-05-26T12:31:48.378+02:00  WARN 6508 --- [springsecurity] [main] JpaBaseConfiguration$JpaWebConfiguration : spring.jpa.open-in-view is enabled by default. Therefore, database queries may be performed during view rendering. Explicitly configure spring.jpa.open-in-view to disable this warning
2025-05-26T12:31:48.547+02:00 DEBUG 6508 --- [springsecurity] [main] s.w.s.m.m.a.RequestMappingHandlerMapping : 7 mappings in 'requestMappingHandlerMapping'
2025-05-26T12:31:48.647+02:00 DEBUG 6508 --- [springsecurity] [main] o.s.w.s.handler.SimpleUrlHandlerMapping  : Patterns [/webjars/**, /**] in 'resourceHandlerMapping'
2025-05-26T12:31:48.791+02:00 DEBUG 6508 --- [springsecurity] [main] s.w.s.m.m.a.RequestMappingHandlerAdapter : ControllerAdvice beans: 0 @ModelAttribute, 0 @InitBinder, 1 RequestBodyAdvice, 1 ResponseBodyAdvice
2025-05-26T12:31:48.847+02:00 DEBUG 6508 --- [springsecurity] [main] .m.m.a.ExceptionHandlerExceptionResolver : ControllerAdvice beans: 1 @ExceptionHandler, 1 ResponseBodyAdvice
2025-05-26T12:31:49.082+02:00  INFO 6508 --- [springsecurity] [main] o.s.b.w.embedded.tomcat.TomcatWebServer  : Tomcat started on port 8080 (http) with context path '/'
2025-05-26T12:31:49.097+02:00  INFO 6508 --- [springsecurity] [main] o.s.s.config.TaskSchedulerRouter         : No TaskScheduler/ScheduledExecutorService bean found for scheduled processing
2025-05-26T12:31:49.101+02:00  INFO 6508 --- [springsecurity] [main] c.s.security.SpringSecurityApplication   : Started SpringSecurityApplication in 4.633 seconds (process running for 5.293)
2025-05-26T12:31:49.216+02:00 DEBUG 6508 --- [springsecurity] [main] org.hibernate.SQL                        : 
    select
        r1_0.role_id,
        r1_0.default,
        r1_0.name 
    from
        roles r1_0 
    where
        r1_0.default
2025-05-26T12:31:49.222+02:00  WARN 6508 --- [springsecurity] [main] org.hibernate.orm.jdbc.error             : HHH000247: ErrorCode: 0, SQLState: 42P01
2025-05-26T12:31:49.222+02:00  WARN 6508 --- [springsecurity] [main] org.hibernate.orm.jdbc.error             : ERROR: relation "roles" does not exist
  Позиция: 49
2025-05-26T12:31:49.243+02:00 ERROR 6508 --- [springsecurity] [main] o.s.boot.SpringApplication               : Application run failed

org.springframework.dao.InvalidDataAccessResourceUsageException: JDBC exception executing SQL [select r1_0.role_id,r1_0.default,r1_0.name from roles r1_0 where r1_0.default] [ERROR: relation "roles" does not exist
  Позиция: 49] [n/a]; SQL [n/a]
	at org.springframework.orm.jpa.vendor.HibernateJpaDialect.convertHibernateAccessException(HibernateJpaDialect.java:281) ~[spring-orm-6.2.6.jar:6.2.6]
	at org.springframework.orm.jpa.vendor.HibernateJpaDialect.convertHibernateAccessException(HibernateJpaDialect.java:256) ~[spring-orm-6.2.6.jar:6.2.6]
	at org.springframework.orm.jpa.vendor.HibernateJpaDialect.translateExceptionIfPossible(HibernateJpaDialect.java:241) ~[spring-orm-6.2.6.jar:6.2.6]
	at org.springframework.orm.jpa.AbstractEntityManagerFactoryBean.translateExceptionIfPossible(AbstractEntityManagerFactoryBean.java:560) ~[spring-orm-6.2.6.jar:6.2.6]
	at org.springframework.dao.support.ChainedPersistenceExceptionTranslator.translateExceptionIfPossible(ChainedPersistenceExceptionTranslator.java:61) ~[spring-tx-6.2.6.jar:6.2.6]
	at org.springframework.dao.support.DataAccessUtils.translateIfNecessary(DataAccessUtils.java:343) ~[spring-tx-6.2.6.jar:6.2.6]
	at org.springframework.dao.support.PersistenceExceptionTranslationInterceptor.invoke(PersistenceExceptionTranslationInterceptor.java:160) ~[spring-tx-6.2.6.jar:6.2.6]
	at org.springframework.aop.framework.ReflectiveMethodInvocation.proceed(ReflectiveMethodInvocation.java:184) ~[spring-aop-6.2.6.jar:6.2.6]
	at org.springframework.data.jpa.repository.support.CrudMethodMetadataPostProcessor$CrudMethodMetadataPopulatingMethodInterceptor.invoke(CrudMethodMetadataPostProcessor.java:136) ~[spring-data-jpa-3.4.5.jar:3.4.5]
	at org.springframework.aop.framework.ReflectiveMethodInvocation.proceed(ReflectiveMethodInvocation.java:184) ~[spring-aop-6.2.6.jar:6.2.6]
	at org.springframework.aop.framework.JdkDynamicAopProxy.invoke(JdkDynamicAopProxy.java:223) ~[spring-aop-6.2.6.jar:6.2.6]
	at jdk.proxy2/jdk.proxy2.$Proxy142.getRolesByDefaultRoleTrue(Unknown Source) ~[na:na]
	at com.spring.security.auth.service.AuthorizationService.init(AuthorizationService.java:40) ~[classes/:na]
	at java.base/jdk.internal.reflect.DirectMethodHandleAccessor.invoke(DirectMethodHandleAccessor.java:103) ~[na:na]
	at java.base/java.lang.reflect.Method.invoke(Method.java:580) ~[na:na]
	at org.springframework.aop.support.AopUtils.invokeJoinpointUsingReflection(AopUtils.java:359) ~[spring-aop-6.2.6.jar:6.2.6]
	at org.springframework.aop.framework.CglibAopProxy$DynamicAdvisedInterceptor.intercept(CglibAopProxy.java:724) ~[spring-aop-6.2.6.jar:6.2.6]
	at com.spring.security.auth.service.AuthorizationService$$SpringCGLIB$$0.init(<generated>) ~[classes/:na]
	at java.base/jdk.internal.reflect.DirectMethodHandleAccessor.invoke(DirectMethodHandleAccessor.java:103) ~[na:na]
	at java.base/java.lang.reflect.Method.invoke(Method.java:580) ~[na:na]
	at org.springframework.context.event.ApplicationListenerMethodAdapter.doInvoke(ApplicationListenerMethodAdapter.java:382) ~[spring-context-6.2.6.jar:6.2.6]
	at org.springframework.context.event.ApplicationListenerMethodAdapter.processEvent(ApplicationListenerMethodAdapter.java:254) ~[spring-context-6.2.6.jar:6.2.6]
	at org.springframework.context.event.ApplicationListenerMethodAdapter.onApplicationEvent(ApplicationListenerMethodAdapter.java:173) ~[spring-context-6.2.6.jar:6.2.6]
	at org.springframework.context.event.SimpleApplicationEventMulticaster.doInvokeListener(SimpleApplicationEventMulticaster.java:185) ~[spring-context-6.2.6.jar:6.2.6]
	at org.springframework.context.event.SimpleApplicationEventMulticaster.invokeListener(SimpleApplicationEventMulticaster.java:178) ~[spring-context-6.2.6.jar:6.2.6]
	at org.springframework.context.event.SimpleApplicationEventMulticaster.multicastEvent(SimpleApplicationEventMulticaster.java:156) ~[spring-context-6.2.6.jar:6.2.6]
	at org.springframework.context.support.AbstractApplicationContext.publishEvent(AbstractApplicationContext.java:454) ~[spring-context-6.2.6.jar:6.2.6]
	at org.springframework.context.support.AbstractApplicationContext.publishEvent(AbstractApplicationContext.java:387) ~[spring-context-6.2.6.jar:6.2.6]
	at org.springframework.boot.context.event.EventPublishingRunListener.ready(EventPublishingRunListener.java:109) ~[spring-boot-3.4.5.jar:3.4.5]
	at org.springframework.boot.SpringApplicationRunListeners.lambda$ready$6(SpringApplicationRunListeners.java:80) ~[spring-boot-3.4.5.jar:3.4.5]
	at java.base/java.lang.Iterable.forEach(Iterable.java:75) ~[na:na]
	at org.springframework.boot.SpringApplicationRunListeners.doWithListeners(SpringApplicationRunListeners.java:118) ~[spring-boot-3.4.5.jar:3.4.5]
	at org.springframework.boot.SpringApplicationRunListeners.doWithListeners(SpringApplicationRunListeners.java:112) ~[spring-boot-3.4.5.jar:3.4.5]
	at org.springframework.boot.SpringApplicationRunListeners.ready(SpringApplicationRunListeners.java:80) ~[spring-boot-3.4.5.jar:3.4.5]
	at org.springframework.boot.SpringApplication.run(SpringApplication.java:332) ~[spring-boot-3.4.5.jar:3.4.5]
	at org.springframework.boot.SpringApplication.run(SpringApplication.java:1362) ~[spring-boot-3.4.5.jar:3.4.5]
	at org.springframework.boot.SpringApplication.run(SpringApplication.java:1351) ~[spring-boot-3.4.5.jar:3.4.5]
	at com.spring.security.SpringSecurityApplication.main(SpringSecurityApplication.java:10) ~[classes/:na]
Caused by: org.hibernate.exception.SQLGrammarException: JDBC exception executing SQL [select r1_0.role_id,r1_0.default,r1_0.name from roles r1_0 where r1_0.default] [ERROR: relation "roles" does not exist
  Позиция: 49] [n/a]
	at org.hibernate.exception.internal.SQLStateConversionDelegate.convert(SQLStateConversionDelegate.java:63) ~[hibernate-core-7.0.0.Final.jar:7.0.0.Final]
	at org.hibernate.exception.internal.StandardSQLExceptionConverter.convert(StandardSQLExceptionConverter.java:34) ~[hibernate-core-7.0.0.Final.jar:7.0.0.Final]
	at org.hibernate.engine.jdbc.spi.SqlExceptionHelper.convert(SqlExceptionHelper.java:115) ~[hibernate-core-7.0.0.Final.jar:7.0.0.Final]
	at org.hibernate.engine.jdbc.spi.SqlExceptionHelper.convert(SqlExceptionHelper.java:101) ~[hibernate-core-7.0.0.Final.jar:7.0.0.Final]
	at org.hibernate.sql.results.jdbc.internal.DeferredResultSetAccess.executeQuery(DeferredResultSetAccess.java:279) ~[hibernate-core-7.0.0.Final.jar:7.0.0.Final]
	at org.hibernate.sql.results.jdbc.internal.DeferredResultSetAccess.getResultSet(DeferredResultSetAccess.java:179) ~[hibernate-core-7.0.0.Final.jar:7.0.0.Final]
	at org.hibernate.sql.results.jdbc.internal.JdbcValuesResultSetImpl.<init>(JdbcValuesResultSetImpl.java:72) ~[hibernate-core-7.0.0.Final.jar:7.0.0.Final]
	at org.hibernate.sql.exec.internal.JdbcSelectExecutorStandardImpl.resolveJdbcValues(JdbcSelectExecutorStandardImpl.java:380) ~[hibernate-core-7.0.0.Final.jar:7.0.0.Final]
	at org.hibernate.sql.exec.internal.JdbcSelectExecutorStandardImpl.resolveJdbcValuesSource(JdbcSelectExecutorStandardImpl.java:340) ~[hibernate-core-7.0.0.Final.jar:7.0.0.Final]
	at org.hibernate.sql.exec.internal.JdbcSelectExecutorStandardImpl.doExecuteQuery(JdbcSelectExecutorStandardImpl.java:141) ~[hibernate-core-7.0.0.Final.jar:7.0.0.Final]
	at org.hibernate.sql.exec.internal.JdbcSelectExecutorStandardImpl.executeQuery(JdbcSelectExecutorStandardImpl.java:106) ~[hibernate-core-7.0.0.Final.jar:7.0.0.Final]
	at org.hibernate.sql.exec.spi.JdbcSelectExecutor.executeQuery(JdbcSelectExecutor.java:64) ~[hibernate-core-7.0.0.Final.jar:7.0.0.Final]
	at org.hibernate.sql.exec.spi.JdbcSelectExecutor.list(JdbcSelectExecutor.java:138) ~[hibernate-core-7.0.0.Final.jar:7.0.0.Final]
	at org.hibernate.query.sqm.internal.ConcreteSqmSelectQueryPlan.lambda$new$1(ConcreteSqmSelectQueryPlan.java:148) ~[hibernate-core-7.0.0.Final.jar:7.0.0.Final]
	at org.hibernate.query.sqm.internal.ConcreteSqmSelectQueryPlan.withCacheableSqmInterpretation(ConcreteSqmSelectQueryPlan.java:459) ~[hibernate-core-7.0.0.Final.jar:7.0.0.Final]
	at org.hibernate.query.sqm.internal.ConcreteSqmSelectQueryPlan.performList(ConcreteSqmSelectQueryPlan.java:392) ~[hibernate-core-7.0.0.Final.jar:7.0.0.Final]
	at org.hibernate.query.sqm.internal.QuerySqmImpl.doList(QuerySqmImpl.java:402) ~[hibernate-core-7.0.0.Final.jar:7.0.0.Final]
	at org.hibernate.query.spi.AbstractSelectionQuery.list(AbstractSelectionQuery.java:144) ~[hibernate-core-7.0.0.Final.jar:7.0.0.Final]
	at org.hibernate.query.Query.getResultList(Query.java:121) ~[hibernate-core-7.0.0.Final.jar:7.0.0.Final]
	at java.base/jdk.internal.reflect.DirectMethodHandleAccessor.invoke(DirectMethodHandleAccessor.java:103) ~[na:na]
	at java.base/java.lang.reflect.Method.invoke(Method.java:580) ~[na:na]
	at org.springframework.orm.jpa.SharedEntityManagerCreator$DeferredQueryInvocationHandler.invoke(SharedEntityManagerCreator.java:419) ~[spring-orm-6.2.6.jar:6.2.6]
	at jdk.proxy2/jdk.proxy2.$Proxy156.getResultList(Unknown Source) ~[na:na]
	at org.springframework.data.jpa.repository.query.JpaQueryExecution$CollectionExecution.doExecute(JpaQueryExecution.java:130) ~[spring-data-jpa-3.4.5.jar:3.4.5]
	at org.springframework.data.jpa.repository.query.JpaQueryExecution.execute(JpaQueryExecution.java:93) ~[spring-data-jpa-3.4.5.jar:3.4.5]
	at org.springframework.data.jpa.repository.query.AbstractJpaQuery.doExecute(AbstractJpaQuery.java:152) ~[spring-data-jpa-3.4.5.jar:3.4.5]
	at org.springframework.data.jpa.repository.query.AbstractJpaQuery.execute(AbstractJpaQuery.java:140) ~[spring-data-jpa-3.4.5.jar:3.4.5]
	at org.springframework.data.repository.core.support.RepositoryMethodInvoker.doInvoke(RepositoryMethodInvoker.java:170) ~[spring-data-commons-3.4.5.jar:3.4.5]
	at org.springframework.data.repository.core.support.RepositoryMethodInvoker.invoke(RepositoryMethodInvoker.java:158) ~[spring-data-commons-3.4.5.jar:3.4.5]
	at org.springframework.data.repository.core.support.QueryExecutorMethodInterceptor.doInvoke(QueryExecutorMethodInterceptor.java:170) ~[spring-data-commons-3.4.5.jar:3.4.5]
	at org.springframework.data.repository.core.support.QueryExecutorMethodInterceptor.invoke(QueryExecutorMethodInterceptor.java:149) ~[spring-data-commons-3.4.5.jar:3.4.5]
	at org.springframework.aop.framework.ReflectiveMethodInvocation.proceed(ReflectiveMethodInvocation.java:184) ~[spring-aop-6.2.6.jar:6.2.6]
	at org.springframework.data.projection.DefaultMethodInvokingMethodInterceptor.invoke(DefaultMethodInvokingMethodInterceptor.java:69) ~[spring-data-commons-3.4.5.jar:3.4.5]
	at org.springframework.aop.framework.ReflectiveMethodInvocation.proceed(ReflectiveMethodInvocation.java:184) ~[spring-aop-6.2.6.jar:6.2.6]
	at org.springframework.transaction.interceptor.TransactionAspectSupport.invokeWithinTransaction(TransactionAspectSupport.java:380) ~[spring-tx-6.2.6.jar:6.2.6]
	at org.springframework.transaction.interceptor.TransactionInterceptor.invoke(TransactionInterceptor.java:119) ~[spring-tx-6.2.6.jar:6.2.6]
	at org.springframework.aop.framework.ReflectiveMethodInvocation.proceed(ReflectiveMethodInvocation.java:184) ~[spring-aop-6.2.6.jar:6.2.6]
	at org.springframework.dao.support.PersistenceExceptionTranslationInterceptor.invoke(PersistenceExceptionTranslationInterceptor.java:138) ~[spring-tx-6.2.6.jar:6.2.6]
	... 31 common frames omitted
Caused by: org.postgresql.util.PSQLException: ERROR: relation "roles" does not exist
  Позиция: 49
	at org.postgresql.core.v3.QueryExecutorImpl.receiveErrorResponse(QueryExecutorImpl.java:2733) ~[postgresql-42.7.5.jar:42.7.5]
	at org.postgresql.core.v3.QueryExecutorImpl.processResults(QueryExecutorImpl.java:2420) ~[postgresql-42.7.5.jar:42.7.5]
	at org.postgresql.core.v3.QueryExecutorImpl.execute(QueryExecutorImpl.java:372) ~[postgresql-42.7.5.jar:42.7.5]
	at org.postgresql.jdbc.PgStatement.executeInternal(PgStatement.java:517) ~[postgresql-42.7.5.jar:42.7.5]
	at org.postgresql.jdbc.PgStatement.execute(PgStatement.java:434) ~[postgresql-42.7.5.jar:42.7.5]
	at org.postgresql.jdbc.PgPreparedStatement.executeWithFlags(PgPreparedStatement.java:194) ~[postgresql-42.7.5.jar:42.7.5]
	at org.postgresql.jdbc.PgPreparedStatement.executeQuery(PgPreparedStatement.java:137) ~[postgresql-42.7.5.jar:42.7.5]
	at com.zaxxer.hikari.pool.ProxyPreparedStatement.executeQuery(ProxyPreparedStatement.java:52) ~[HikariCP-6.3.0.jar:na]
	at com.zaxxer.hikari.pool.HikariProxyPreparedStatement.executeQuery(HikariProxyPreparedStatement.java) ~[HikariCP-6.3.0.jar:na]
	at org.hibernate.sql.results.jdbc.internal.DeferredResultSetAccess.executeQuery(DeferredResultSetAccess.java:260) ~[hibernate-core-7.0.0.Final.jar:7.0.0.Final]
	... 64 common frames omitted

2025-05-26T12:31:49.248+02:00  INFO 6508 --- [springsecurity] [main] o.s.b.w.e.tomcat.GracefulShutdown        : Commencing graceful shutdown. Waiting for active requests to complete
2025-05-26T12:31:49.255+02:00  INFO 6508 --- [springsecurity] [tomcat-shutdown] o.s.b.w.e.tomcat.GracefulShutdown        : Graceful shutdown complete
2025-05-26T12:31:49.259+02:00  INFO 6508 --- [springsecurity] [main] j.LocalContainerEntityManagerFactoryBean : Closing JPA EntityManagerFactory for persistence unit 'default'
2025-05-26T12:31:49.260+02:00  INFO 6508 --- [springsecurity] [main] com.zaxxer.hikari.HikariDataSource       : HikariPool - Shutdown initiated...
2025-05-26T12:31:49.263+02:00  INFO 6508 --- [springsecurity] [main] com.zaxxer.hikari.HikariDataSource       : HikariPool - Shutdown completed.
2025-05-26T12:32:37.948+02:00  INFO 9968 --- [springsecurity] [main] c.s.security.SpringSecurityApplication   : Starting SpringSecurityApplication using Java 23.0.2 with PID 9968 (C:\Users\Aqura\IdeaProjects\SpringSecurity-\target\classes started by Aqura in C:\Users\Aqura\IdeaProjects\SpringSecurity-)
2025-05-26T12:32:37.950+02:00  INFO 9968 --- [springsecurity] [main] c.s.security.SpringSecurityApplication   : No active profile set, falling back to 1 default profile: "default"
2025-05-26T12:32:38.579+02:00  INFO 9968 --- [springsecurity] [main] .s.d.r.c.RepositoryConfigurationDelegate : Bootstrapping Spring Data JPA repositories in DEFAULT mode.
2025-05-26T12:32:38.634+02:00  INFO 9968 --- [springsecurity] [main] .s.d.r.c.RepositoryConfigurationDelegate : Finished Spring Data repository scanning in 47 ms. Found 2 JPA repository interfaces.
2025-05-26T12:32:38.791+02:00  INFO 9968 --- [springsecurity] [main] o.s.cloud.context.scope.GenericScope     : BeanFactory id=6e3c1655-2e71-3da6-a4df-d053659b2bdc
2025-05-26T12:32:39.114+02:00  INFO 9968 --- [springsecurity] [main] o.s.b.w.embedded.tomcat.TomcatWebServer  : Tomcat initialized with port 8080 (http)
2025-05-26T12:32:39.125+02:00  INFO 9968 --- [springsecurity] [main] o.apache.catalina.core.StandardService   : Starting service [Tomcat]
2025-05-26T12:32:39.126+02:00  INFO 9968 --- [springsecurity] [main] o.apache.catalina.core.StandardEngine    : Starting Servlet engine: [Apache Tomcat/10.1.40]
2025-05-26T12:32:39.178+02:00  INFO 9968 --- [springsecurity] [main] o.a.c.c.C.[Tomcat].[localhost].[/]       : Initializing Spring embedded WebApplicationContext
2025-05-26T12:32:39.178+02:00  INFO 9968 --- [springsecurity] [main] w.s.c.ServletWebServerApplicationContext : Root WebApplicationContext: initialization completed in 1180 ms
2025-05-26T12:32:39.298+02:00  INFO 9968 --- [springsecurity] [main] o.hibernate.jpa.internal.util.LogHelper  : HHH000204: Processing PersistenceUnitInfo [name: default]
2025-05-26T12:32:39.350+02:00  INFO 9968 --- [springsecurity] [main] org.hibernate.Version                    : HHH000412: Hibernate ORM core version 7.0.0.Final
2025-05-26T12:32:39.787+02:00  INFO 9968 --- [springsecurity] [main] o.s.o.j.p.SpringPersistenceUnitInfo      : No LoadTimeWeaver setup: ignoring JPA class transformer
2025-05-26T12:32:39.816+02:00  INFO 9968 --- [springsecurity] [main] com.zaxxer.hikari.HikariDataSource       : HikariPool - Starting...
2025-05-26T12:32:39.934+02:00  INFO 9968 --- [springsecurity] [main] com.zaxxer.hikari.pool.HikariPool        : HikariPool - Added connection org.postgresql.jdbc.PgConnection@11d1735e
2025-05-26T12:32:39.935+02:00  INFO 9968 --- [springsecurity] [main] com.zaxxer.hikari.HikariDataSource       : HikariPool - Start completed.
2025-05-26T12:32:39.962+02:00  WARN 9968 --- [springsecurity] [main] org.hibernate.orm.deprecation            : HHH90000025: PostgreSQLDialect does not need to be specified explicitly using 'hibernate.dialect' (remove the property setting and it will be selected by default)
2025-05-26T12:32:39.982+02:00  INFO 9968 --- [springsecurity] [main] org.hibernate.orm.connections.pooling    : HHH10001005: Database info:
	Database JDBC URL [jdbc:postgresql://localhost:5433/postgres]
	Database driver: PostgreSQL JDBC Driver
	Database version: 17.4
	Autocommit mode: undefined/unknown
	Isolation level: READ_COMMITTED [default READ_COMMITTED]
	Pool: DatasourceConnectionProviderImpl
	Minimum pool size: undefined/unknown
	Maximum pool size: undefined/unknown
2025-05-26T12:32:40.790+02:00  INFO 9968 --- [springsecurity] [main] o.h.e.t.j.p.i.JtaPlatformInitiator       : HHH000489: No JTA platform available (set 'hibernate.transaction.jta.platform' to enable JTA platform integration)
2025-05-26T12:32:40.837+02:00 DEBUG 9968 --- [springsecurity] [main] org.hibernate.SQL                        : 
    create table roles (
        role_id bigint generated by default as identity,
        default_role boolean,
        name varchar(255) not null,
        primary key (role_id)
    )
2025-05-26T12:32:40.848+02:00 DEBUG 9968 --- [springsecurity] [main] org.hibernate.SQL                        : 
    create table user_roles (
        user_id bigint not null,
        role_id bigint not null,
        primary key (user_id, role_id)
    )
2025-05-26T12:32:40.852+02:00 DEBUG 9968 --- [springsecurity] [main] org.hibernate.SQL                        : 
    create table users (
        user_id bigint generated by default as identity,
        password varchar(255) not null,
        username varchar(255) not null,
        primary key (user_id)
    )
2025-05-26T12:32:40.855+02:00 DEBUG 9968 --- [springsecurity] [main] org.hibernate.SQL                        : 
    alter table if exists users 
       drop constraint if exists UKr43af9ap4edm43mmtq01oddj6
2025-05-26T12:32:40.858+02:00  WARN 9968 --- [springsecurity] [main] org.hibernate.orm.jdbc.warn              : HHH000247: ErrorCode: 0, SQLState: 00000
2025-05-26T12:32:40.858+02:00  WARN 9968 --- [springsecurity] [main] org.hibernate.orm.jdbc.warn              : constraint "ukr43af9ap4edm43mmtq01oddj6" of relation "users" does not exist, skipping
2025-05-26T12:32:40.858+02:00 DEBUG 9968 --- [springsecurity] [main] org.hibernate.SQL                        : 
    alter table if exists users 
       add constraint UKr43af9ap4edm43mmtq01oddj6 unique (username)
2025-05-26T12:32:40.861+02:00 DEBUG 9968 --- [springsecurity] [main] org.hibernate.SQL                        : 
    alter table if exists user_roles 
       add constraint FKh8ciramu9cc9q3qcqiv4ue8a6 
       foreign key (role_id) 
       references roles
2025-05-26T12:32:40.863+02:00 DEBUG 9968 --- [springsecurity] [main] org.hibernate.SQL                        : 
    alter table if exists user_roles 
       add constraint FKhfh9dx7w3ubf1co1vdev94g3f 
       foreign key (user_id) 
       references users
2025-05-26T12:32:40.874+02:00  INFO 9968 --- [springsecurity] [main] j.LocalContainerEntityManagerFactoryBean : Initialized JPA EntityManagerFactory for persistence unit 'default'
2025-05-26T12:32:41.248+02:00  INFO 9968 --- [springsecurity] [main] eAuthenticationProviderManagerConfigurer : Global AuthenticationManager configured with AuthenticationProvider bean with name authenticationProvider
2025-05-26T12:32:41.249+02:00  WARN 9968 --- [springsecurity] [main] r$InitializeUserDetailsManagerConfigurer : Global AuthenticationManager configured with an AuthenticationProvider bean. UserDetailsService beans will not be used by Spring Security for automatically configuring username/password login. Consider removing the AuthenticationProvider bean. Alternatively, consider using the UserDetailsService in a manually instantiated DaoAuthenticationProvider. If the current configuration is intentional, to turn off this warning, increase the logging level of 'org.springframework.security.config.annotation.authentication.configuration.InitializeUserDetailsBeanManagerConfigurer' to ERROR
2025-05-26T12:32:41.314+02:00  WARN 9968 --- [springsecurity] [main] JpaBaseConfiguration$JpaWebConfiguration : spring.jpa.open-in-view is enabled by default. Therefore, database queries may be performed during view rendering. Explicitly configure spring.jpa.open-in-view to disable this warning
2025-05-26T12:32:41.436+02:00 DEBUG 9968 --- [springsecurity] [main] s.w.s.m.m.a.RequestMappingHandlerMapping : 7 mappings in 'requestMappingHandlerMapping'
2025-05-26T12:32:41.534+02:00 DEBUG 9968 --- [springsecurity] [main] o.s.w.s.handler.SimpleUrlHandlerMapping  : Patterns [/webjars/**, /**] in 'resourceHandlerMapping'
2025-05-26T12:32:41.650+02:00 DEBUG 9968 --- [springsecurity] [main] s.w.s.m.m.a.RequestMappingHandlerAdapter : ControllerAdvice beans: 0 @ModelAttribute, 0 @InitBinder, 1 RequestBodyAdvice, 1 ResponseBodyAdvice
2025-05-26T12:32:41.694+02:00 DEBUG 9968 --- [springsecurity] [main] .m.m.a.ExceptionHandlerExceptionResolver : ControllerAdvice beans: 1 @ExceptionHandler, 1 ResponseBodyAdvice
2025-05-26T12:32:41.887+02:00  INFO 9968 --- [springsecurity] [main] o.s.b.w.embedded.tomcat.TomcatWebServer  : Tomcat started on port 8080 (http) with context path '/'
2025-05-26T12:32:41.901+02:00  INFO 9968 --- [springsecurity] [main] o.s.s.config.TaskSchedulerRouter         : No TaskScheduler/ScheduledExecutorService bean found for scheduled processing
2025-05-26T12:32:41.904+02:00  INFO 9968 --- [springsecurity] [main] c.s.security.SpringSecurityApplication   : Started SpringSecurityApplication in 4.365 seconds (process running for 5.02)
2025-05-26T12:32:42.032+02:00 DEBUG 9968 --- [springsecurity] [main] org.hibernate.SQL                        : 
    select
        r1_0.role_id,
        r1_0.default_role,
        r1_0.name 
    from
        roles r1_0 
    where
        r1_0.default_role
2025-05-26T12:32:42.068+02:00 ERROR 9968 --- [springsecurity] [main] o.s.boot.SpringApplication               : Application run failed

com.spring.security.exception.exceptions.NotFoundException: No default roles found!
	at com.spring.security.auth.service.AuthorizationService.init(AuthorizationService.java:42) ~[classes/:na]
	at java.base/jdk.internal.reflect.DirectMethodHandleAccessor.invoke(DirectMethodHandleAccessor.java:103) ~[na:na]
	at java.base/java.lang.reflect.Method.invoke(Method.java:580) ~[na:na]
	at org.springframework.aop.support.AopUtils.invokeJoinpointUsingReflection(AopUtils.java:359) ~[spring-aop-6.2.6.jar:6.2.6]
	at org.springframework.aop.framework.CglibAopProxy$DynamicAdvisedInterceptor.intercept(CglibAopProxy.java:724) ~[spring-aop-6.2.6.jar:6.2.6]
	at com.spring.security.auth.service.AuthorizationService$$SpringCGLIB$$0.init(<generated>) ~[classes/:na]
	at java.base/jdk.internal.reflect.DirectMethodHandleAccessor.invoke(DirectMethodHandleAccessor.java:103) ~[na:na]
	at java.base/java.lang.reflect.Method.invoke(Method.java:580) ~[na:na]
	at org.springframework.context.event.ApplicationListenerMethodAdapter.doInvoke(ApplicationListenerMethodAdapter.java:382) ~[spring-context-6.2.6.jar:6.2.6]
	at org.springframework.context.event.ApplicationListenerMethodAdapter.processEvent(ApplicationListenerMethodAdapter.java:254) ~[spring-context-6.2.6.jar:6.2.6]
	at org.springframework.context.event.ApplicationListenerMethodAdapter.onApplicationEvent(ApplicationListenerMethodAdapter.java:173) ~[spring-context-6.2.6.jar:6.2.6]
	at org.springframework.context.event.SimpleApplicationEventMulticaster.doInvokeListener(SimpleApplicationEventMulticaster.java:185) ~[spring-context-6.2.6.jar:6.2.6]
	at org.springframework.context.event.SimpleApplicationEventMulticaster.invokeListener(SimpleApplicationEventMulticaster.java:178) ~[spring-context-6.2.6.jar:6.2.6]
	at org.springframework.context.event.SimpleApplicationEventMulticaster.multicastEvent(SimpleApplicationEventMulticaster.java:156) ~[spring-context-6.2.6.jar:6.2.6]
	at org.springframework.context.support.AbstractApplicationContext.publishEvent(AbstractApplicationContext.java:454) ~[spring-context-6.2.6.jar:6.2.6]
	at org.springframework.context.support.AbstractApplicationContext.publishEvent(AbstractApplicationContext.java:387) ~[spring-context-6.2.6.jar:6.2.6]
	at org.springframework.boot.context.event.EventPublishingRunListener.ready(EventPublishingRunListener.java:109) ~[spring-boot-3.4.5.jar:3.4.5]
	at org.springframework.boot.SpringApplicationRunListeners.lambda$ready$6(SpringApplicationRunListeners.java:80) ~[spring-boot-3.4.5.jar:3.4.5]
	at java.base/java.lang.Iterable.forEach(Iterable.java:75) ~[na:na]
	at org.springframework.boot.SpringApplicationRunListeners.doWithListeners(SpringApplicationRunListeners.java:118) ~[spring-boot-3.4.5.jar:3.4.5]
	at org.springframework.boot.SpringApplicationRunListeners.doWithListeners(SpringApplicationRunListeners.java:112) ~[spring-boot-3.4.5.jar:3.4.5]
	at org.springframework.boot.SpringApplicationRunListeners.ready(SpringApplicationRunListeners.java:80) ~[spring-boot-3.4.5.jar:3.4.5]
	at org.springframework.boot.SpringApplication.run(SpringApplication.java:332) ~[spring-boot-3.4.5.jar:3.4.5]
	at org.springframework.boot.SpringApplication.run(SpringApplication.java:1362) ~[spring-boot-3.4.5.jar:3.4.5]
	at org.springframework.boot.SpringApplication.run(SpringApplication.java:1351) ~[spring-boot-3.4.5.jar:3.4.5]
	at com.spring.security.SpringSecurityApplication.main(SpringSecurityApplication.java:10) ~[classes/:na]

2025-05-26T12:32:42.074+02:00  INFO 9968 --- [springsecurity] [main] o.s.b.w.e.tomcat.GracefulShutdown        : Commencing graceful shutdown. Waiting for active requests to complete
2025-05-26T12:32:42.080+02:00  INFO 9968 --- [springsecurity] [tomcat-shutdown] o.s.b.w.e.tomcat.GracefulShutdown        : Graceful shutdown complete
2025-05-26T12:32:42.084+02:00  INFO 9968 --- [springsecurity] [main] j.LocalContainerEntityManagerFactoryBean : Closing JPA EntityManagerFactory for persistence unit 'default'
2025-05-26T12:32:42.085+02:00  INFO 9968 --- [springsecurity] [main] com.zaxxer.hikari.HikariDataSource       : HikariPool - Shutdown initiated...
2025-05-26T12:32:42.088+02:00  INFO 9968 --- [springsecurity] [main] com.zaxxer.hikari.HikariDataSource       : HikariPool - Shutdown completed.
2025-05-26T12:34:10.756+02:00  INFO 23996 --- [springsecurity] [main] c.s.security.SpringSecurityApplication   : Starting SpringSecurityApplication using Java 23.0.2 with PID 23996 (C:\Users\Aqura\IdeaProjects\SpringSecurity-\target\classes started by Aqura in C:\Users\Aqura\IdeaProjects\SpringSecurity-)
2025-05-26T12:34:10.758+02:00  INFO 23996 --- [springsecurity] [main] c.s.security.SpringSecurityApplication   : No active profile set, falling back to 1 default profile: "default"
2025-05-26T12:34:11.376+02:00  INFO 23996 --- [springsecurity] [main] .s.d.r.c.RepositoryConfigurationDelegate : Bootstrapping Spring Data JPA repositories in DEFAULT mode.
2025-05-26T12:34:11.436+02:00  INFO 23996 --- [springsecurity] [main] .s.d.r.c.RepositoryConfigurationDelegate : Finished Spring Data repository scanning in 51 ms. Found 2 JPA repository interfaces.
2025-05-26T12:34:11.597+02:00  INFO 23996 --- [springsecurity] [main] o.s.cloud.context.scope.GenericScope     : BeanFactory id=6e3c1655-2e71-3da6-a4df-d053659b2bdc
2025-05-26T12:34:11.917+02:00  INFO 23996 --- [springsecurity] [main] o.s.b.w.embedded.tomcat.TomcatWebServer  : Tomcat initialized with port 8080 (http)
2025-05-26T12:34:11.929+02:00  INFO 23996 --- [springsecurity] [main] o.apache.catalina.core.StandardService   : Starting service [Tomcat]
2025-05-26T12:34:11.929+02:00  INFO 23996 --- [springsecurity] [main] o.apache.catalina.core.StandardEngine    : Starting Servlet engine: [Apache Tomcat/10.1.40]
2025-05-26T12:34:11.981+02:00  INFO 23996 --- [springsecurity] [main] o.a.c.c.C.[Tomcat].[localhost].[/]       : Initializing Spring embedded WebApplicationContext
2025-05-26T12:34:11.981+02:00  INFO 23996 --- [springsecurity] [main] w.s.c.ServletWebServerApplicationContext : Root WebApplicationContext: initialization completed in 1169 ms
2025-05-26T12:34:12.112+02:00  INFO 23996 --- [springsecurity] [main] o.hibernate.jpa.internal.util.LogHelper  : HHH000204: Processing PersistenceUnitInfo [name: default]
2025-05-26T12:34:12.162+02:00  INFO 23996 --- [springsecurity] [main] org.hibernate.Version                    : HHH000412: Hibernate ORM core version 7.0.0.Final
2025-05-26T12:34:12.598+02:00  INFO 23996 --- [springsecurity] [main] o.s.o.j.p.SpringPersistenceUnitInfo      : No LoadTimeWeaver setup: ignoring JPA class transformer
2025-05-26T12:34:12.628+02:00  INFO 23996 --- [springsecurity] [main] com.zaxxer.hikari.HikariDataSource       : HikariPool - Starting...
2025-05-26T12:34:12.742+02:00  INFO 23996 --- [springsecurity] [main] com.zaxxer.hikari.pool.HikariPool        : HikariPool - Added connection org.postgresql.jdbc.PgConnection@70592729
2025-05-26T12:34:12.744+02:00  INFO 23996 --- [springsecurity] [main] com.zaxxer.hikari.HikariDataSource       : HikariPool - Start completed.
2025-05-26T12:34:12.769+02:00  WARN 23996 --- [springsecurity] [main] org.hibernate.orm.deprecation            : HHH90000025: PostgreSQLDialect does not need to be specified explicitly using 'hibernate.dialect' (remove the property setting and it will be selected by default)
2025-05-26T12:34:12.797+02:00  INFO 23996 --- [springsecurity] [main] org.hibernate.orm.connections.pooling    : HHH10001005: Database info:
	Database JDBC URL [jdbc:postgresql://localhost:5433/postgres]
	Database driver: PostgreSQL JDBC Driver
	Database version: 17.4
	Autocommit mode: undefined/unknown
	Isolation level: READ_COMMITTED [default READ_COMMITTED]
	Pool: DatasourceConnectionProviderImpl
	Minimum pool size: undefined/unknown
	Maximum pool size: undefined/unknown
2025-05-26T12:34:13.613+02:00  INFO 23996 --- [springsecurity] [main] o.h.e.t.j.p.i.JtaPlatformInitiator       : HHH000489: No JTA platform available (set 'hibernate.transaction.jta.platform' to enable JTA platform integration)
2025-05-26T12:34:13.750+02:00  INFO 23996 --- [springsecurity] [main] j.LocalContainerEntityManagerFactoryBean : Initialized JPA EntityManagerFactory for persistence unit 'default'
2025-05-26T12:34:14.125+02:00  INFO 23996 --- [springsecurity] [main] eAuthenticationProviderManagerConfigurer : Global AuthenticationManager configured with AuthenticationProvider bean with name authenticationProvider
2025-05-26T12:34:14.126+02:00  WARN 23996 --- [springsecurity] [main] r$InitializeUserDetailsManagerConfigurer : Global AuthenticationManager configured with an AuthenticationProvider bean. UserDetailsService beans will not be used by Spring Security for automatically configuring username/password login. Consider removing the AuthenticationProvider bean. Alternatively, consider using the UserDetailsService in a manually instantiated DaoAuthenticationProvider. If the current configuration is intentional, to turn off this warning, increase the logging level of 'org.springframework.security.config.annotation.authentication.configuration.InitializeUserDetailsBeanManagerConfigurer' to ERROR
2025-05-26T12:34:14.192+02:00  WARN 23996 --- [springsecurity] [main] JpaBaseConfiguration$JpaWebConfiguration : spring.jpa.open-in-view is enabled by default. Therefore, database queries may be performed during view rendering. Explicitly configure spring.jpa.open-in-view to disable this warning
2025-05-26T12:34:14.323+02:00 DEBUG 23996 --- [springsecurity] [main] s.w.s.m.m.a.RequestMappingHandlerMapping : 7 mappings in 'requestMappingHandlerMapping'
2025-05-26T12:34:14.416+02:00 DEBUG 23996 --- [springsecurity] [main] o.s.w.s.handler.SimpleUrlHandlerMapping  : Patterns [/webjars/**, /**] in 'resourceHandlerMapping'
2025-05-26T12:34:14.538+02:00 DEBUG 23996 --- [springsecurity] [main] s.w.s.m.m.a.RequestMappingHandlerAdapter : ControllerAdvice beans: 0 @ModelAttribute, 0 @InitBinder, 1 RequestBodyAdvice, 1 ResponseBodyAdvice
2025-05-26T12:34:14.583+02:00 DEBUG 23996 --- [springsecurity] [main] .m.m.a.ExceptionHandlerExceptionResolver : ControllerAdvice beans: 1 @ExceptionHandler, 1 ResponseBodyAdvice
2025-05-26T12:34:14.795+02:00  INFO 23996 --- [springsecurity] [main] o.s.b.w.embedded.tomcat.TomcatWebServer  : Tomcat started on port 8080 (http) with context path '/'
2025-05-26T12:34:14.809+02:00  INFO 23996 --- [springsecurity] [main] o.s.s.config.TaskSchedulerRouter         : No TaskScheduler/ScheduledExecutorService bean found for scheduled processing
2025-05-26T12:34:14.815+02:00  INFO 23996 --- [springsecurity] [main] c.s.security.SpringSecurityApplication   : Started SpringSecurityApplication in 4.509 seconds (process running for 5.242)
2025-05-26T12:34:14.936+02:00 DEBUG 23996 --- [springsecurity] [main] org.hibernate.SQL                        : 
    select
        r1_0.role_id,
        r1_0.default_role,
        r1_0.name 
    from
        roles r1_0 
    where
        r1_0.default_role
2025-05-26T12:34:14.969+02:00 ERROR 23996 --- [springsecurity] [main] o.s.boot.SpringApplication               : Application run failed

com.spring.security.exception.exceptions.NotFoundException: No default roles found!
	at com.spring.security.auth.service.AuthorizationService.init(AuthorizationService.java:42) ~[classes/:na]
	at java.base/jdk.internal.reflect.DirectMethodHandleAccessor.invoke(DirectMethodHandleAccessor.java:103) ~[na:na]
	at java.base/java.lang.reflect.Method.invoke(Method.java:580) ~[na:na]
	at org.springframework.aop.support.AopUtils.invokeJoinpointUsingReflection(AopUtils.java:359) ~[spring-aop-6.2.6.jar:6.2.6]
	at org.springframework.aop.framework.CglibAopProxy$DynamicAdvisedInterceptor.intercept(CglibAopProxy.java:724) ~[spring-aop-6.2.6.jar:6.2.6]
	at com.spring.security.auth.service.AuthorizationService$$SpringCGLIB$$0.init(<generated>) ~[classes/:na]
	at java.base/jdk.internal.reflect.DirectMethodHandleAccessor.invoke(DirectMethodHandleAccessor.java:103) ~[na:na]
	at java.base/java.lang.reflect.Method.invoke(Method.java:580) ~[na:na]
	at org.springframework.context.event.ApplicationListenerMethodAdapter.doInvoke(ApplicationListenerMethodAdapter.java:382) ~[spring-context-6.2.6.jar:6.2.6]
	at org.springframework.context.event.ApplicationListenerMethodAdapter.processEvent(ApplicationListenerMethodAdapter.java:254) ~[spring-context-6.2.6.jar:6.2.6]
	at org.springframework.context.event.ApplicationListenerMethodAdapter.onApplicationEvent(ApplicationListenerMethodAdapter.java:173) ~[spring-context-6.2.6.jar:6.2.6]
	at org.springframework.context.event.SimpleApplicationEventMulticaster.doInvokeListener(SimpleApplicationEventMulticaster.java:185) ~[spring-context-6.2.6.jar:6.2.6]
	at org.springframework.context.event.SimpleApplicationEventMulticaster.invokeListener(SimpleApplicationEventMulticaster.java:178) ~[spring-context-6.2.6.jar:6.2.6]
	at org.springframework.context.event.SimpleApplicationEventMulticaster.multicastEvent(SimpleApplicationEventMulticaster.java:156) ~[spring-context-6.2.6.jar:6.2.6]
	at org.springframework.context.support.AbstractApplicationContext.publishEvent(AbstractApplicationContext.java:454) ~[spring-context-6.2.6.jar:6.2.6]
	at org.springframework.context.support.AbstractApplicationContext.publishEvent(AbstractApplicationContext.java:387) ~[spring-context-6.2.6.jar:6.2.6]
	at org.springframework.boot.context.event.EventPublishingRunListener.ready(EventPublishingRunListener.java:109) ~[spring-boot-3.4.5.jar:3.4.5]
	at org.springframework.boot.SpringApplicationRunListeners.lambda$ready$6(SpringApplicationRunListeners.java:80) ~[spring-boot-3.4.5.jar:3.4.5]
	at java.base/java.lang.Iterable.forEach(Iterable.java:75) ~[na:na]
	at org.springframework.boot.SpringApplicationRunListeners.doWithListeners(SpringApplicationRunListeners.java:118) ~[spring-boot-3.4.5.jar:3.4.5]
	at org.springframework.boot.SpringApplicationRunListeners.doWithListeners(SpringApplicationRunListeners.java:112) ~[spring-boot-3.4.5.jar:3.4.5]
	at org.springframework.boot.SpringApplicationRunListeners.ready(SpringApplicationRunListeners.java:80) ~[spring-boot-3.4.5.jar:3.4.5]
	at org.springframework.boot.SpringApplication.run(SpringApplication.java:332) ~[spring-boot-3.4.5.jar:3.4.5]
	at org.springframework.boot.SpringApplication.run(SpringApplication.java:1362) ~[spring-boot-3.4.5.jar:3.4.5]
	at org.springframework.boot.SpringApplication.run(SpringApplication.java:1351) ~[spring-boot-3.4.5.jar:3.4.5]
	at com.spring.security.SpringSecurityApplication.main(SpringSecurityApplication.java:10) ~[classes/:na]

2025-05-26T12:34:14.973+02:00  INFO 23996 --- [springsecurity] [main] o.s.b.w.e.tomcat.GracefulShutdown        : Commencing graceful shutdown. Waiting for active requests to complete
2025-05-26T12:34:14.980+02:00  INFO 23996 --- [springsecurity] [tomcat-shutdown] o.s.b.w.e.tomcat.GracefulShutdown        : Graceful shutdown complete
2025-05-26T12:34:14.983+02:00  INFO 23996 --- [springsecurity] [main] j.LocalContainerEntityManagerFactoryBean : Closing JPA EntityManagerFactory for persistence unit 'default'
2025-05-26T12:34:14.984+02:00  INFO 23996 --- [springsecurity] [main] com.zaxxer.hikari.HikariDataSource       : HikariPool - Shutdown initiated...
2025-05-26T12:34:14.987+02:00  INFO 23996 --- [springsecurity] [main] com.zaxxer.hikari.HikariDataSource       : HikariPool - Shutdown completed.
2025-05-26T12:34:31.691+02:00  INFO 14236 --- [springsecurity] [main] c.s.security.SpringSecurityApplication   : Starting SpringSecurityApplication using Java 23.0.2 with PID 14236 (C:\Users\Aqura\IdeaProjects\SpringSecurity-\target\classes started by Aqura in C:\Users\Aqura\IdeaProjects\SpringSecurity-)
2025-05-26T12:34:31.693+02:00  INFO 14236 --- [springsecurity] [main] c.s.security.SpringSecurityApplication   : No active profile set, falling back to 1 default profile: "default"
2025-05-26T12:34:32.270+02:00  INFO 14236 --- [springsecurity] [main] .s.d.r.c.RepositoryConfigurationDelegate : Bootstrapping Spring Data JPA repositories in DEFAULT mode.
2025-05-26T12:34:32.325+02:00  INFO 14236 --- [springsecurity] [main] .s.d.r.c.RepositoryConfigurationDelegate : Finished Spring Data repository scanning in 48 ms. Found 2 JPA repository interfaces.
2025-05-26T12:34:32.483+02:00  INFO 14236 --- [springsecurity] [main] o.s.cloud.context.scope.GenericScope     : BeanFactory id=6e3c1655-2e71-3da6-a4df-d053659b2bdc
2025-05-26T12:34:32.801+02:00  INFO 14236 --- [springsecurity] [main] o.s.b.w.embedded.tomcat.TomcatWebServer  : Tomcat initialized with port 8080 (http)
2025-05-26T12:34:32.812+02:00  INFO 14236 --- [springsecurity] [main] o.apache.catalina.core.StandardService   : Starting service [Tomcat]
2025-05-26T12:34:32.812+02:00  INFO 14236 --- [springsecurity] [main] o.apache.catalina.core.StandardEngine    : Starting Servlet engine: [Apache Tomcat/10.1.40]
2025-05-26T12:34:32.865+02:00  INFO 14236 --- [springsecurity] [main] o.a.c.c.C.[Tomcat].[localhost].[/]       : Initializing Spring embedded WebApplicationContext
2025-05-26T12:34:32.865+02:00  INFO 14236 --- [springsecurity] [main] w.s.c.ServletWebServerApplicationContext : Root WebApplicationContext: initialization completed in 1129 ms
2025-05-26T12:34:32.997+02:00  INFO 14236 --- [springsecurity] [main] o.hibernate.jpa.internal.util.LogHelper  : HHH000204: Processing PersistenceUnitInfo [name: default]
2025-05-26T12:34:33.048+02:00  INFO 14236 --- [springsecurity] [main] org.hibernate.Version                    : HHH000412: Hibernate ORM core version 7.0.0.Final
2025-05-26T12:34:33.493+02:00  INFO 14236 --- [springsecurity] [main] o.s.o.j.p.SpringPersistenceUnitInfo      : No LoadTimeWeaver setup: ignoring JPA class transformer
2025-05-26T12:34:33.525+02:00  INFO 14236 --- [springsecurity] [main] com.zaxxer.hikari.HikariDataSource       : HikariPool - Starting...
2025-05-26T12:34:33.639+02:00  INFO 14236 --- [springsecurity] [main] com.zaxxer.hikari.pool.HikariPool        : HikariPool - Added connection org.postgresql.jdbc.PgConnection@57b711b6
2025-05-26T12:34:33.641+02:00  INFO 14236 --- [springsecurity] [main] com.zaxxer.hikari.HikariDataSource       : HikariPool - Start completed.
2025-05-26T12:34:33.678+02:00  WARN 14236 --- [springsecurity] [main] org.hibernate.orm.deprecation            : HHH90000025: PostgreSQLDialect does not need to be specified explicitly using 'hibernate.dialect' (remove the property setting and it will be selected by default)
2025-05-26T12:34:33.702+02:00  INFO 14236 --- [springsecurity] [main] org.hibernate.orm.connections.pooling    : HHH10001005: Database info:
	Database JDBC URL [jdbc:postgresql://localhost:5433/postgres]
	Database driver: PostgreSQL JDBC Driver
	Database version: 17.4
	Autocommit mode: undefined/unknown
	Isolation level: READ_COMMITTED [default READ_COMMITTED]
	Pool: DatasourceConnectionProviderImpl
	Minimum pool size: undefined/unknown
	Maximum pool size: undefined/unknown
2025-05-26T12:34:34.508+02:00  INFO 14236 --- [springsecurity] [main] o.h.e.t.j.p.i.JtaPlatformInitiator       : HHH000489: No JTA platform available (set 'hibernate.transaction.jta.platform' to enable JTA platform integration)
2025-05-26T12:34:34.657+02:00  INFO 14236 --- [springsecurity] [main] j.LocalContainerEntityManagerFactoryBean : Initialized JPA EntityManagerFactory for persistence unit 'default'
2025-05-26T12:34:35.039+02:00  INFO 14236 --- [springsecurity] [main] eAuthenticationProviderManagerConfigurer : Global AuthenticationManager configured with AuthenticationProvider bean with name authenticationProvider
2025-05-26T12:34:35.039+02:00  WARN 14236 --- [springsecurity] [main] r$InitializeUserDetailsManagerConfigurer : Global AuthenticationManager configured with an AuthenticationProvider bean. UserDetailsService beans will not be used by Spring Security for automatically configuring username/password login. Consider removing the AuthenticationProvider bean. Alternatively, consider using the UserDetailsService in a manually instantiated DaoAuthenticationProvider. If the current configuration is intentional, to turn off this warning, increase the logging level of 'org.springframework.security.config.annotation.authentication.configuration.InitializeUserDetailsBeanManagerConfigurer' to ERROR
2025-05-26T12:34:35.104+02:00  WARN 14236 --- [springsecurity] [main] JpaBaseConfiguration$JpaWebConfiguration : spring.jpa.open-in-view is enabled by default. Therefore, database queries may be performed during view rendering. Explicitly configure spring.jpa.open-in-view to disable this warning
2025-05-26T12:34:35.233+02:00 DEBUG 14236 --- [springsecurity] [main] s.w.s.m.m.a.RequestMappingHandlerMapping : 7 mappings in 'requestMappingHandlerMapping'
2025-05-26T12:34:35.327+02:00 DEBUG 14236 --- [springsecurity] [main] o.s.w.s.handler.SimpleUrlHandlerMapping  : Patterns [/webjars/**, /**] in 'resourceHandlerMapping'
2025-05-26T12:34:35.446+02:00 DEBUG 14236 --- [springsecurity] [main] s.w.s.m.m.a.RequestMappingHandlerAdapter : ControllerAdvice beans: 0 @ModelAttribute, 0 @InitBinder, 1 RequestBodyAdvice, 1 ResponseBodyAdvice
2025-05-26T12:34:35.487+02:00 DEBUG 14236 --- [springsecurity] [main] .m.m.a.ExceptionHandlerExceptionResolver : ControllerAdvice beans: 1 @ExceptionHandler, 1 ResponseBodyAdvice
2025-05-26T12:34:35.719+02:00  INFO 14236 --- [springsecurity] [main] o.s.b.w.embedded.tomcat.TomcatWebServer  : Tomcat started on port 8080 (http) with context path '/'
2025-05-26T12:34:35.733+02:00  INFO 14236 --- [springsecurity] [main] o.s.s.config.TaskSchedulerRouter         : No TaskScheduler/ScheduledExecutorService bean found for scheduled processing
2025-05-26T12:34:35.738+02:00  INFO 14236 --- [springsecurity] [main] c.s.security.SpringSecurityApplication   : Started SpringSecurityApplication in 4.461 seconds (process running for 5.134)
2025-05-26T12:34:35.854+02:00 DEBUG 14236 --- [springsecurity] [main] org.hibernate.SQL                        : 
    select
        r1_0.role_id,
        r1_0.default_role,
        r1_0.name 
    from
        roles r1_0 
    where
        r1_0.default_role
2025-05-26T12:35:00.787+02:00  INFO 14236 --- [springsecurity] [http-nio-0.0.0.0-8080-exec-3] o.a.c.c.C.[Tomcat].[localhost].[/]       : Initializing Spring DispatcherServlet 'dispatcherServlet'
2025-05-26T12:35:00.787+02:00  INFO 14236 --- [springsecurity] [http-nio-0.0.0.0-8080-exec-3] o.s.web.servlet.DispatcherServlet        : Initializing Servlet 'dispatcherServlet'
2025-05-26T12:35:00.788+02:00 DEBUG 14236 --- [springsecurity] [http-nio-0.0.0.0-8080-exec-3] o.s.web.servlet.DispatcherServlet        : Detected StandardServletMultipartResolver
2025-05-26T12:35:00.788+02:00 DEBUG 14236 --- [springsecurity] [http-nio-0.0.0.0-8080-exec-3] o.s.web.servlet.DispatcherServlet        : Detected AcceptHeaderLocaleResolver
2025-05-26T12:35:00.788+02:00 DEBUG 14236 --- [springsecurity] [http-nio-0.0.0.0-8080-exec-3] o.s.web.servlet.DispatcherServlet        : Detected FixedThemeResolver
2025-05-26T12:35:00.789+02:00 DEBUG 14236 --- [springsecurity] [http-nio-0.0.0.0-8080-exec-3] o.s.web.servlet.DispatcherServlet        : Detected org.springframework.web.servlet.view.DefaultRequestToViewNameTranslator@2b551e7b
2025-05-26T12:35:00.789+02:00 DEBUG 14236 --- [springsecurity] [http-nio-0.0.0.0-8080-exec-3] o.s.web.servlet.DispatcherServlet        : Detected org.springframework.web.servlet.support.SessionFlashMapManager@7d816d32
2025-05-26T12:35:00.789+02:00 DEBUG 14236 --- [springsecurity] [http-nio-0.0.0.0-8080-exec-3] o.s.web.servlet.DispatcherServlet        : enableLoggingRequestDetails='false': request parameters and headers will be masked to prevent unsafe logging of potentially sensitive data
2025-05-26T12:35:00.789+02:00  INFO 14236 --- [springsecurity] [http-nio-0.0.0.0-8080-exec-3] o.s.web.servlet.DispatcherServlet        : Completed initialization in 1 ms
2025-05-26T12:35:00.811+02:00 DEBUG 14236 --- [springsecurity] [http-nio-0.0.0.0-8080-exec-3] o.s.web.servlet.DispatcherServlet        : POST "/auth/registration", parameters={}
2025-05-26T12:35:00.812+02:00 DEBUG 14236 --- [springsecurity] [http-nio-0.0.0.0-8080-exec-3] s.w.s.m.m.a.RequestMappingHandlerMapping : Mapped to com.spring.security.auth.controller.AuthorizationController#registration(User)
2025-05-26T12:35:00.889+02:00 DEBUG 14236 --- [springsecurity] [http-nio-0.0.0.0-8080-exec-3] m.m.a.RequestResponseBodyMethodProcessor : Read "application/json;charset=UTF-8" to [com.spring.security.user.entity.User@4aefabe2]
2025-05-26T12:35:01.006+02:00 DEBUG 14236 --- [springsecurity] [http-nio-0.0.0.0-8080-exec-3] org.hibernate.SQL                        : 
    insert 
    into
        users
        (password, username) 
    values
        (?, ?)
2025-05-26T12:35:01.034+02:00 DEBUG 14236 --- [springsecurity] [http-nio-0.0.0.0-8080-exec-3] org.hibernate.SQL                        : 
    insert 
    into
        user_roles
        (user_id, role_id) 
    values
        (?, ?)
2025-05-26T12:35:01.047+02:00 DEBUG 14236 --- [springsecurity] [http-nio-0.0.0.0-8080-exec-3] m.m.a.RequestResponseBodyMethodProcessor : Using 'application/json', given [*/*] and supported [application/json, application/*+json]
2025-05-26T12:35:01.047+02:00 DEBUG 14236 --- [springsecurity] [http-nio-0.0.0.0-8080-exec-3] m.m.a.RequestResponseBodyMethodProcessor : Nothing to write: null body
2025-05-26T12:35:01.048+02:00 DEBUG 14236 --- [springsecurity] [http-nio-0.0.0.0-8080-exec-3] o.s.web.servlet.DispatcherServlet        : Completed 200 OK
2025-05-26T12:36:13.165+02:00 DEBUG 14236 --- [springsecurity] [http-nio-0.0.0.0-8080-exec-10] o.s.web.servlet.DispatcherServlet        : POST "/auth/registration", parameters={}
2025-05-26T12:36:13.165+02:00 DEBUG 14236 --- [springsecurity] [http-nio-0.0.0.0-8080-exec-10] s.w.s.m.m.a.RequestMappingHandlerMapping : Mapped to com.spring.security.auth.controller.AuthorizationController#registration(User)
2025-05-26T12:36:13.166+02:00 DEBUG 14236 --- [springsecurity] [http-nio-0.0.0.0-8080-exec-10] m.m.a.RequestResponseBodyMethodProcessor : Read "application/json;charset=UTF-8" to [com.spring.security.user.entity.User@4c2b0655]
2025-05-26T12:36:13.246+02:00 DEBUG 14236 --- [springsecurity] [http-nio-0.0.0.0-8080-exec-10] org.hibernate.SQL                        : 
    insert 
    into
        users
        (password, username) 
    values
        (?, ?)
2025-05-26T12:36:13.249+02:00 DEBUG 14236 --- [springsecurity] [http-nio-0.0.0.0-8080-exec-10] org.hibernate.SQL                        : 
    insert 
    into
        user_roles
        (user_id, role_id) 
    values
        (?, ?)
2025-05-26T12:36:13.253+02:00 DEBUG 14236 --- [springsecurity] [http-nio-0.0.0.0-8080-exec-10] m.m.a.RequestResponseBodyMethodProcessor : Using 'application/json', given [*/*] and supported [application/json, application/*+json]
2025-05-26T12:36:13.254+02:00 DEBUG 14236 --- [springsecurity] [http-nio-0.0.0.0-8080-exec-10] m.m.a.RequestResponseBodyMethodProcessor : Nothing to write: null body
2025-05-26T12:36:13.254+02:00 DEBUG 14236 --- [springsecurity] [http-nio-0.0.0.0-8080-exec-10] o.s.web.servlet.DispatcherServlet        : Completed 200 OK
2025-05-26T12:52:27.965+02:00  INFO 14236 --- [springsecurity] [SpringApplicationShutdownHook] o.s.b.w.e.tomcat.GracefulShutdown        : Commencing graceful shutdown. Waiting for active requests to complete
2025-05-26T12:52:27.971+02:00  INFO 14236 --- [springsecurity] [tomcat-shutdown] o.s.b.w.e.tomcat.GracefulShutdown        : Graceful shutdown complete
2025-05-26T12:52:27.974+02:00  INFO 14236 --- [springsecurity] [SpringApplicationShutdownHook] j.LocalContainerEntityManagerFactoryBean : Closing JPA EntityManagerFactory for persistence unit 'default'
2025-05-26T12:52:27.976+02:00  INFO 14236 --- [springsecurity] [SpringApplicationShutdownHook] com.zaxxer.hikari.HikariDataSource       : HikariPool - Shutdown initiated...
2025-05-26T12:52:27.978+02:00  INFO 14236 --- [springsecurity] [SpringApplicationShutdownHook] com.zaxxer.hikari.HikariDataSource       : HikariPool - Shutdown completed.
2025-05-26T12:52:32.699+02:00  INFO 24420 --- [springsecurity] [main] c.s.security.SpringSecurityApplication   : Starting SpringSecurityApplication using Java 23.0.2 with PID 24420 (C:\Users\Aqura\IdeaProjects\SpringSecurity-\target\classes started by Aqura in C:\Users\Aqura\IdeaProjects\SpringSecurity-)
2025-05-26T12:52:32.701+02:00  INFO 24420 --- [springsecurity] [main] c.s.security.SpringSecurityApplication   : No active profile set, falling back to 1 default profile: "default"
2025-05-26T12:52:33.311+02:00  INFO 24420 --- [springsecurity] [main] .s.d.r.c.RepositoryConfigurationDelegate : Bootstrapping Spring Data JPA repositories in DEFAULT mode.
2025-05-26T12:52:33.371+02:00  INFO 24420 --- [springsecurity] [main] .s.d.r.c.RepositoryConfigurationDelegate : Finished Spring Data repository scanning in 52 ms. Found 2 JPA repository interfaces.
2025-05-26T12:52:33.530+02:00  INFO 24420 --- [springsecurity] [main] o.s.cloud.context.scope.GenericScope     : BeanFactory id=6e3c1655-2e71-3da6-a4df-d053659b2bdc
2025-05-26T12:52:33.859+02:00  INFO 24420 --- [springsecurity] [main] o.s.b.w.embedded.tomcat.TomcatWebServer  : Tomcat initialized with port 8080 (http)
2025-05-26T12:52:33.870+02:00  INFO 24420 --- [springsecurity] [main] o.apache.catalina.core.StandardService   : Starting service [Tomcat]
2025-05-26T12:52:33.871+02:00  INFO 24420 --- [springsecurity] [main] o.apache.catalina.core.StandardEngine    : Starting Servlet engine: [Apache Tomcat/10.1.40]
2025-05-26T12:52:33.921+02:00  INFO 24420 --- [springsecurity] [main] o.a.c.c.C.[Tomcat].[localhost].[/]       : Initializing Spring embedded WebApplicationContext
2025-05-26T12:52:33.921+02:00  INFO 24420 --- [springsecurity] [main] w.s.c.ServletWebServerApplicationContext : Root WebApplicationContext: initialization completed in 1175 ms
2025-05-26T12:52:34.053+02:00  INFO 24420 --- [springsecurity] [main] o.hibernate.jpa.internal.util.LogHelper  : HHH000204: Processing PersistenceUnitInfo [name: default]
2025-05-26T12:52:34.104+02:00  INFO 24420 --- [springsecurity] [main] org.hibernate.Version                    : HHH000412: Hibernate ORM core version 7.0.0.Final
2025-05-26T12:52:34.551+02:00  INFO 24420 --- [springsecurity] [main] o.s.o.j.p.SpringPersistenceUnitInfo      : No LoadTimeWeaver setup: ignoring JPA class transformer
2025-05-26T12:52:34.583+02:00  INFO 24420 --- [springsecurity] [main] com.zaxxer.hikari.HikariDataSource       : HikariPool - Starting...
2025-05-26T12:52:34.696+02:00  INFO 24420 --- [springsecurity] [main] com.zaxxer.hikari.pool.HikariPool        : HikariPool - Added connection org.postgresql.jdbc.PgConnection@64ed18ec
2025-05-26T12:52:34.698+02:00  INFO 24420 --- [springsecurity] [main] com.zaxxer.hikari.HikariDataSource       : HikariPool - Start completed.
2025-05-26T12:52:34.731+02:00  WARN 24420 --- [springsecurity] [main] org.hibernate.orm.deprecation            : HHH90000025: PostgreSQLDialect does not need to be specified explicitly using 'hibernate.dialect' (remove the property setting and it will be selected by default)
2025-05-26T12:52:34.751+02:00  INFO 24420 --- [springsecurity] [main] org.hibernate.orm.connections.pooling    : HHH10001005: Database info:
	Database JDBC URL [jdbc:postgresql://localhost:5433/postgres]
	Database driver: PostgreSQL JDBC Driver
	Database version: 17.4
	Autocommit mode: undefined/unknown
	Isolation level: READ_COMMITTED [default READ_COMMITTED]
	Pool: DatasourceConnectionProviderImpl
	Minimum pool size: undefined/unknown
	Maximum pool size: undefined/unknown
2025-05-26T12:52:35.539+02:00  INFO 24420 --- [springsecurity] [main] o.h.e.t.j.p.i.JtaPlatformInitiator       : HHH000489: No JTA platform available (set 'hibernate.transaction.jta.platform' to enable JTA platform integration)
2025-05-26T12:52:35.682+02:00  INFO 24420 --- [springsecurity] [main] j.LocalContainerEntityManagerFactoryBean : Initialized JPA EntityManagerFactory for persistence unit 'default'
2025-05-26T12:52:36.015+02:00  INFO 24420 --- [springsecurity] [main] o.s.d.j.r.query.QueryEnhancerFactory     : Hibernate is in classpath; If applicable, HQL parser will be used.
2025-05-26T12:52:36.562+02:00  INFO 24420 --- [springsecurity] [main] eAuthenticationProviderManagerConfigurer : Global AuthenticationManager configured with AuthenticationProvider bean with name authenticationProvider
2025-05-26T12:52:36.563+02:00  WARN 24420 --- [springsecurity] [main] r$InitializeUserDetailsManagerConfigurer : Global AuthenticationManager configured with an AuthenticationProvider bean. UserDetailsService beans will not be used by Spring Security for automatically configuring username/password login. Consider removing the AuthenticationProvider bean. Alternatively, consider using the UserDetailsService in a manually instantiated DaoAuthenticationProvider. If the current configuration is intentional, to turn off this warning, increase the logging level of 'org.springframework.security.config.annotation.authentication.configuration.InitializeUserDetailsBeanManagerConfigurer' to ERROR
2025-05-26T12:52:36.629+02:00  WARN 24420 --- [springsecurity] [main] JpaBaseConfiguration$JpaWebConfiguration : spring.jpa.open-in-view is enabled by default. Therefore, database queries may be performed during view rendering. Explicitly configure spring.jpa.open-in-view to disable this warning
2025-05-26T12:52:36.756+02:00 DEBUG 24420 --- [springsecurity] [main] s.w.s.m.m.a.RequestMappingHandlerMapping : 7 mappings in 'requestMappingHandlerMapping'
2025-05-26T12:52:36.848+02:00 DEBUG 24420 --- [springsecurity] [main] o.s.w.s.handler.SimpleUrlHandlerMapping  : Patterns [/webjars/**, /**] in 'resourceHandlerMapping'
2025-05-26T12:52:36.970+02:00 DEBUG 24420 --- [springsecurity] [main] s.w.s.m.m.a.RequestMappingHandlerAdapter : ControllerAdvice beans: 0 @ModelAttribute, 0 @InitBinder, 1 RequestBodyAdvice, 1 ResponseBodyAdvice
2025-05-26T12:52:37.013+02:00 DEBUG 24420 --- [springsecurity] [main] .m.m.a.ExceptionHandlerExceptionResolver : ControllerAdvice beans: 1 @ExceptionHandler, 1 ResponseBodyAdvice
2025-05-26T12:52:37.207+02:00  INFO 24420 --- [springsecurity] [main] o.s.b.w.embedded.tomcat.TomcatWebServer  : Tomcat started on port 8080 (http) with context path '/'
2025-05-26T12:52:37.221+02:00  INFO 24420 --- [springsecurity] [main] o.s.s.config.TaskSchedulerRouter         : No TaskScheduler/ScheduledExecutorService bean found for scheduled processing
2025-05-26T12:52:37.224+02:00  INFO 24420 --- [springsecurity] [main] c.s.security.SpringSecurityApplication   : Started SpringSecurityApplication in 4.944 seconds (process running for 5.606)
2025-05-26T12:52:37.275+02:00 DEBUG 24420 --- [springsecurity] [main] org.hibernate.SQL                        : 
    select
        r1_0.role_id 
    from
        roles r1_0 
    where
        r1_0.default_role=true
2025-05-26T12:52:58.929+02:00  INFO 24420 --- [springsecurity] [http-nio-0.0.0.0-8080-exec-3] o.a.c.c.C.[Tomcat].[localhost].[/]       : Initializing Spring DispatcherServlet 'dispatcherServlet'
2025-05-26T12:52:58.930+02:00  INFO 24420 --- [springsecurity] [http-nio-0.0.0.0-8080-exec-3] o.s.web.servlet.DispatcherServlet        : Initializing Servlet 'dispatcherServlet'
2025-05-26T12:52:58.930+02:00 DEBUG 24420 --- [springsecurity] [http-nio-0.0.0.0-8080-exec-3] o.s.web.servlet.DispatcherServlet        : Detected StandardServletMultipartResolver
2025-05-26T12:52:58.930+02:00 DEBUG 24420 --- [springsecurity] [http-nio-0.0.0.0-8080-exec-3] o.s.web.servlet.DispatcherServlet        : Detected AcceptHeaderLocaleResolver
2025-05-26T12:52:58.930+02:00 DEBUG 24420 --- [springsecurity] [http-nio-0.0.0.0-8080-exec-3] o.s.web.servlet.DispatcherServlet        : Detected FixedThemeResolver
2025-05-26T12:52:58.931+02:00 DEBUG 24420 --- [springsecurity] [http-nio-0.0.0.0-8080-exec-3] o.s.web.servlet.DispatcherServlet        : Detected org.springframework.web.servlet.view.DefaultRequestToViewNameTranslator@4df5b562
2025-05-26T12:52:58.932+02:00 DEBUG 24420 --- [springsecurity] [http-nio-0.0.0.0-8080-exec-3] o.s.web.servlet.DispatcherServlet        : Detected org.springframework.web.servlet.support.SessionFlashMapManager@7f6ba409
2025-05-26T12:52:58.932+02:00 DEBUG 24420 --- [springsecurity] [http-nio-0.0.0.0-8080-exec-3] o.s.web.servlet.DispatcherServlet        : enableLoggingRequestDetails='false': request parameters and headers will be masked to prevent unsafe logging of potentially sensitive data
2025-05-26T12:52:58.932+02:00  INFO 24420 --- [springsecurity] [http-nio-0.0.0.0-8080-exec-3] o.s.web.servlet.DispatcherServlet        : Completed initialization in 2 ms
2025-05-26T12:52:58.956+02:00 DEBUG 24420 --- [springsecurity] [http-nio-0.0.0.0-8080-exec-3] o.s.web.servlet.DispatcherServlet        : POST "/auth/registration", parameters={}
2025-05-26T12:52:58.957+02:00 DEBUG 24420 --- [springsecurity] [http-nio-0.0.0.0-8080-exec-3] s.w.s.m.m.a.RequestMappingHandlerMapping : Mapped to com.spring.security.auth.controller.AuthorizationController#registration(User)
2025-05-26T12:52:59.031+02:00 DEBUG 24420 --- [springsecurity] [http-nio-0.0.0.0-8080-exec-3] m.m.a.RequestResponseBodyMethodProcessor : Read "application/json;charset=UTF-8" to [com.spring.security.user.entity.User@67d1491a]
2025-05-26T12:52:59.152+02:00 DEBUG 24420 --- [springsecurity] [http-nio-0.0.0.0-8080-exec-3] org.hibernate.SQL                        : 
    insert 
    into
        users
        (password, username) 
    values
        (?, ?)
2025-05-26T12:52:59.180+02:00 DEBUG 24420 --- [springsecurity] [http-nio-0.0.0.0-8080-exec-3] org.hibernate.SQL                        : 
    insert 
    into
        user_roles
        (user_id, role_id) 
    values
        (?, ?)
2025-05-26T12:52:59.196+02:00 DEBUG 24420 --- [springsecurity] [http-nio-0.0.0.0-8080-exec-3] m.m.a.RequestResponseBodyMethodProcessor : Using 'application/json', given [*/*] and supported [application/json, application/*+json]
2025-05-26T12:52:59.197+02:00 DEBUG 24420 --- [springsecurity] [http-nio-0.0.0.0-8080-exec-3] m.m.a.RequestResponseBodyMethodProcessor : Nothing to write: null body
2025-05-26T12:52:59.198+02:00 DEBUG 24420 --- [springsecurity] [http-nio-0.0.0.0-8080-exec-3] o.s.web.servlet.DispatcherServlet        : Completed 200 OK
2025-05-26T12:54:46.671+02:00  INFO 24420 --- [springsecurity] [SpringApplicationShutdownHook] o.s.b.w.e.tomcat.GracefulShutdown        : Commencing graceful shutdown. Waiting for active requests to complete
2025-05-26T12:54:46.677+02:00  INFO 24420 --- [springsecurity] [tomcat-shutdown] o.s.b.w.e.tomcat.GracefulShutdown        : Graceful shutdown complete
2025-05-26T12:54:46.680+02:00  INFO 24420 --- [springsecurity] [SpringApplicationShutdownHook] j.LocalContainerEntityManagerFactoryBean : Closing JPA EntityManagerFactory for persistence unit 'default'
2025-05-26T12:54:46.682+02:00  INFO 24420 --- [springsecurity] [SpringApplicationShutdownHook] com.zaxxer.hikari.HikariDataSource       : HikariPool - Shutdown initiated...
2025-05-26T12:54:46.683+02:00  INFO 24420 --- [springsecurity] [SpringApplicationShutdownHook] com.zaxxer.hikari.HikariDataSource       : HikariPool - Shutdown completed.
2025-05-26T12:58:14.112+02:00  INFO 18740 --- [springsecurity] [main] c.s.security.SpringSecurityApplication   : Starting SpringSecurityApplication using Java 23.0.2 with PID 18740 (C:\Users\Aqura\IdeaProjects\SpringSecurity-\target\classes started by Aqura in C:\Users\Aqura\IdeaProjects\SpringSecurity-)
2025-05-26T12:58:14.114+02:00  INFO 18740 --- [springsecurity] [main] c.s.security.SpringSecurityApplication   : No active profile set, falling back to 1 default profile: "default"
2025-05-26T12:58:14.706+02:00  INFO 18740 --- [springsecurity] [main] .s.d.r.c.RepositoryConfigurationDelegate : Bootstrapping Spring Data JPA repositories in DEFAULT mode.
2025-05-26T12:58:14.762+02:00  INFO 18740 --- [springsecurity] [main] .s.d.r.c.RepositoryConfigurationDelegate : Finished Spring Data repository scanning in 49 ms. Found 2 JPA repository interfaces.
2025-05-26T12:58:14.920+02:00  INFO 18740 --- [springsecurity] [main] o.s.cloud.context.scope.GenericScope     : BeanFactory id=6e3c1655-2e71-3da6-a4df-d053659b2bdc
2025-05-26T12:58:15.256+02:00  INFO 18740 --- [springsecurity] [main] o.s.b.w.embedded.tomcat.TomcatWebServer  : Tomcat initialized with port 8080 (http)
2025-05-26T12:58:15.268+02:00  INFO 18740 --- [springsecurity] [main] o.apache.catalina.core.StandardService   : Starting service [Tomcat]
2025-05-26T12:58:15.268+02:00  INFO 18740 --- [springsecurity] [main] o.apache.catalina.core.StandardEngine    : Starting Servlet engine: [Apache Tomcat/10.1.40]
2025-05-26T12:58:15.318+02:00  INFO 18740 --- [springsecurity] [main] o.a.c.c.C.[Tomcat].[localhost].[/]       : Initializing Spring embedded WebApplicationContext
2025-05-26T12:58:15.318+02:00  INFO 18740 --- [springsecurity] [main] w.s.c.ServletWebServerApplicationContext : Root WebApplicationContext: initialization completed in 1161 ms
2025-05-26T12:58:15.440+02:00  INFO 18740 --- [springsecurity] [main] o.hibernate.jpa.internal.util.LogHelper  : HHH000204: Processing PersistenceUnitInfo [name: default]
2025-05-26T12:58:15.497+02:00  INFO 18740 --- [springsecurity] [main] org.hibernate.Version                    : HHH000412: Hibernate ORM core version 7.0.0.Final
2025-05-26T12:58:15.943+02:00  INFO 18740 --- [springsecurity] [main] o.s.o.j.p.SpringPersistenceUnitInfo      : No LoadTimeWeaver setup: ignoring JPA class transformer
2025-05-26T12:58:15.981+02:00  INFO 18740 --- [springsecurity] [main] com.zaxxer.hikari.HikariDataSource       : HikariPool - Starting...
2025-05-26T12:58:16.095+02:00  INFO 18740 --- [springsecurity] [main] com.zaxxer.hikari.pool.HikariPool        : HikariPool - Added connection org.postgresql.jdbc.PgConnection@6fa2a006
2025-05-26T12:58:16.096+02:00  INFO 18740 --- [springsecurity] [main] com.zaxxer.hikari.HikariDataSource       : HikariPool - Start completed.
2025-05-26T12:58:16.125+02:00  WARN 18740 --- [springsecurity] [main] org.hibernate.orm.deprecation            : HHH90000025: PostgreSQLDialect does not need to be specified explicitly using 'hibernate.dialect' (remove the property setting and it will be selected by default)
2025-05-26T12:58:16.147+02:00  INFO 18740 --- [springsecurity] [main] org.hibernate.orm.connections.pooling    : HHH10001005: Database info:
	Database JDBC URL [jdbc:postgresql://localhost:5433/postgres]
	Database driver: PostgreSQL JDBC Driver
	Database version: 17.4
	Autocommit mode: undefined/unknown
	Isolation level: READ_COMMITTED [default READ_COMMITTED]
	Pool: DatasourceConnectionProviderImpl
	Minimum pool size: undefined/unknown
	Maximum pool size: undefined/unknown
2025-05-26T12:58:17.001+02:00  INFO 18740 --- [springsecurity] [main] o.h.e.t.j.p.i.JtaPlatformInitiator       : HHH000489: No JTA platform available (set 'hibernate.transaction.jta.platform' to enable JTA platform integration)
2025-05-26T12:58:17.156+02:00  INFO 18740 --- [springsecurity] [main] j.LocalContainerEntityManagerFactoryBean : Initialized JPA EntityManagerFactory for persistence unit 'default'
2025-05-26T12:58:17.490+02:00  INFO 18740 --- [springsecurity] [main] o.s.d.j.r.query.QueryEnhancerFactory     : Hibernate is in classpath; If applicable, HQL parser will be used.
2025-05-26T12:58:17.961+02:00  INFO 18740 --- [springsecurity] [main] eAuthenticationProviderManagerConfigurer : Global AuthenticationManager configured with AuthenticationProvider bean with name authenticationProvider
2025-05-26T12:58:17.961+02:00  WARN 18740 --- [springsecurity] [main] r$InitializeUserDetailsManagerConfigurer : Global AuthenticationManager configured with an AuthenticationProvider bean. UserDetailsService beans will not be used by Spring Security for automatically configuring username/password login. Consider removing the AuthenticationProvider bean. Alternatively, consider using the UserDetailsService in a manually instantiated DaoAuthenticationProvider. If the current configuration is intentional, to turn off this warning, increase the logging level of 'org.springframework.security.config.annotation.authentication.configuration.InitializeUserDetailsBeanManagerConfigurer' to ERROR
2025-05-26T12:58:18.029+02:00  WARN 18740 --- [springsecurity] [main] JpaBaseConfiguration$JpaWebConfiguration : spring.jpa.open-in-view is enabled by default. Therefore, database queries may be performed during view rendering. Explicitly configure spring.jpa.open-in-view to disable this warning
2025-05-26T12:58:18.154+02:00 DEBUG 18740 --- [springsecurity] [main] s.w.s.m.m.a.RequestMappingHandlerMapping : 7 mappings in 'requestMappingHandlerMapping'
2025-05-26T12:58:18.254+02:00 DEBUG 18740 --- [springsecurity] [main] o.s.w.s.handler.SimpleUrlHandlerMapping  : Patterns [/webjars/**, /**] in 'resourceHandlerMapping'
2025-05-26T12:58:18.381+02:00 DEBUG 18740 --- [springsecurity] [main] s.w.s.m.m.a.RequestMappingHandlerAdapter : ControllerAdvice beans: 0 @ModelAttribute, 0 @InitBinder, 1 RequestBodyAdvice, 1 ResponseBodyAdvice
2025-05-26T12:58:18.423+02:00 DEBUG 18740 --- [springsecurity] [main] .m.m.a.ExceptionHandlerExceptionResolver : ControllerAdvice beans: 1 @ExceptionHandler, 1 ResponseBodyAdvice
2025-05-26T12:58:18.620+02:00  INFO 18740 --- [springsecurity] [main] o.s.b.w.embedded.tomcat.TomcatWebServer  : Tomcat started on port 8080 (http) with context path '/'
2025-05-26T12:58:18.633+02:00  INFO 18740 --- [springsecurity] [main] o.s.s.config.TaskSchedulerRouter         : No TaskScheduler/ScheduledExecutorService bean found for scheduled processing
2025-05-26T12:58:18.637+02:00  INFO 18740 --- [springsecurity] [main] c.s.security.SpringSecurityApplication   : Started SpringSecurityApplication in 4.992 seconds (process running for 5.767)
2025-05-26T12:58:18.686+02:00 DEBUG 18740 --- [springsecurity] [main] org.hibernate.SQL                        : 
    select
        r1_0.role_id 
    from
        roles r1_0 
    where
        r1_0.default_role=true
2025-05-26T12:58:37.462+02:00  INFO 18740 --- [springsecurity] [http-nio-0.0.0.0-8080-exec-1] o.a.c.c.C.[Tomcat].[localhost].[/]       : Initializing Spring DispatcherServlet 'dispatcherServlet'
2025-05-26T12:58:37.463+02:00  INFO 18740 --- [springsecurity] [http-nio-0.0.0.0-8080-exec-1] o.s.web.servlet.DispatcherServlet        : Initializing Servlet 'dispatcherServlet'
2025-05-26T12:58:37.463+02:00 DEBUG 18740 --- [springsecurity] [http-nio-0.0.0.0-8080-exec-1] o.s.web.servlet.DispatcherServlet        : Detected StandardServletMultipartResolver
2025-05-26T12:58:37.463+02:00 DEBUG 18740 --- [springsecurity] [http-nio-0.0.0.0-8080-exec-1] o.s.web.servlet.DispatcherServlet        : Detected AcceptHeaderLocaleResolver
2025-05-26T12:58:37.463+02:00 DEBUG 18740 --- [springsecurity] [http-nio-0.0.0.0-8080-exec-1] o.s.web.servlet.DispatcherServlet        : Detected FixedThemeResolver
2025-05-26T12:58:37.464+02:00 DEBUG 18740 --- [springsecurity] [http-nio-0.0.0.0-8080-exec-1] o.s.web.servlet.DispatcherServlet        : Detected org.springframework.web.servlet.view.DefaultRequestToViewNameTranslator@2fc72df3
2025-05-26T12:58:37.464+02:00 DEBUG 18740 --- [springsecurity] [http-nio-0.0.0.0-8080-exec-1] o.s.web.servlet.DispatcherServlet        : Detected org.springframework.web.servlet.support.SessionFlashMapManager@794c22cd
2025-05-26T12:58:37.465+02:00 DEBUG 18740 --- [springsecurity] [http-nio-0.0.0.0-8080-exec-1] o.s.web.servlet.DispatcherServlet        : enableLoggingRequestDetails='false': request parameters and headers will be masked to prevent unsafe logging of potentially sensitive data
2025-05-26T12:58:37.465+02:00  INFO 18740 --- [springsecurity] [http-nio-0.0.0.0-8080-exec-1] o.s.web.servlet.DispatcherServlet        : Completed initialization in 2 ms
2025-05-26T12:58:37.483+02:00 DEBUG 18740 --- [springsecurity] [http-nio-0.0.0.0-8080-exec-1] o.s.web.servlet.DispatcherServlet        : POST "/auth/authenticate", parameters={}
2025-05-26T12:58:37.484+02:00 DEBUG 18740 --- [springsecurity] [http-nio-0.0.0.0-8080-exec-1] s.w.s.m.m.a.RequestMappingHandlerMapping : Mapped to com.spring.security.auth.controller.AuthorizationController#authorization(User)
2025-05-26T12:58:37.565+02:00 DEBUG 18740 --- [springsecurity] [http-nio-0.0.0.0-8080-exec-1] m.m.a.RequestResponseBodyMethodProcessor : Read "application/json;charset=UTF-8" to [com.spring.security.user.entity.User@73710347]
2025-05-26T12:58:37.670+02:00 DEBUG 18740 --- [springsecurity] [http-nio-0.0.0.0-8080-exec-1] org.hibernate.SQL                        : 
    select
        u1_0.user_id,
        u1_0.password,
        u1_0.username 
    from
        users u1_0 
    where
        u1_0.username=?
2025-05-26T12:58:37.697+02:00 DEBUG 18740 --- [springsecurity] [http-nio-0.0.0.0-8080-exec-1] org.hibernate.SQL                        : 
    select
        r1_0.user_id,
        r1_1.role_id,
        r1_1.default_role,
        r1_1.name 
    from
        user_roles r1_0 
    join
        roles r1_1 
            on r1_1.role_id=r1_0.role_id 
    where
        r1_0.user_id=?
2025-05-26T12:58:37.779+02:00 DEBUG 18740 --- [springsecurity] [http-nio-0.0.0.0-8080-exec-1] org.hibernate.SQL                        : 
    select
        u1_0.user_id,
        u1_0.password,
        u1_0.username 
    from
        users u1_0 
    where
        u1_0.username=?
2025-05-26T12:58:37.836+02:00 DEBUG 18740 --- [springsecurity] [http-nio-0.0.0.0-8080-exec-1] o.s.w.s.m.m.a.HttpEntityMethodProcessor  : Using 'text/plain', given [*/*] and supported [text/plain, */*, application/json, application/*+json]
2025-05-26T12:58:37.837+02:00 DEBUG 18740 --- [springsecurity] [http-nio-0.0.0.0-8080-exec-1] o.s.w.s.m.m.a.HttpEntityMethodProcessor  : Writing ["eyJhbGciOiJIUzI1NiJ9.eyJyb2xlcyI6W3siaWQiOjIsIm5hbWUiOiJST0xFX1VTRVIiLCJkZWZhdWx0Um9sZSI6dHJ1ZX1dLCJ (truncated)..."]
2025-05-26T12:58:37.841+02:00 DEBUG 18740 --- [springsecurity] [http-nio-0.0.0.0-8080-exec-1] o.s.web.servlet.DispatcherServlet        : Completed 200 OK
2025-05-26T12:58:41.686+02:00 DEBUG 18740 --- [springsecurity] [http-nio-0.0.0.0-8080-exec-6] o.s.web.servlet.DispatcherServlet        : POST "/auth/authenticate", parameters={}
2025-05-26T12:58:41.686+02:00 DEBUG 18740 --- [springsecurity] [http-nio-0.0.0.0-8080-exec-6] s.w.s.m.m.a.RequestMappingHandlerMapping : Mapped to com.spring.security.auth.controller.AuthorizationController#authorization(User)
2025-05-26T12:58:41.687+02:00 DEBUG 18740 --- [springsecurity] [http-nio-0.0.0.0-8080-exec-6] m.m.a.RequestResponseBodyMethodProcessor : Read "application/json;charset=UTF-8" to [com.spring.security.user.entity.User@1f282958]
2025-05-26T12:58:41.690+02:00 DEBUG 18740 --- [springsecurity] [http-nio-0.0.0.0-8080-exec-6] org.hibernate.SQL                        : 
    select
        u1_0.user_id,
        u1_0.password,
        u1_0.username 
    from
        users u1_0 
    where
        u1_0.username=?
2025-05-26T12:58:41.769+02:00 DEBUG 18740 --- [springsecurity] [http-nio-0.0.0.0-8080-exec-6] o.s.web.servlet.DispatcherServlet        : Failed to complete request: org.springframework.security.authentication.BadCredentialsException: Bad credentials
2025-05-26T13:17:37.092+02:00  INFO 18740 --- [springsecurity] [SpringApplicationShutdownHook] o.s.b.w.e.tomcat.GracefulShutdown        : Commencing graceful shutdown. Waiting for active requests to complete
2025-05-26T13:17:37.100+02:00  INFO 18740 --- [springsecurity] [tomcat-shutdown] o.s.b.w.e.tomcat.GracefulShutdown        : Graceful shutdown complete
2025-05-26T13:17:37.104+02:00  INFO 18740 --- [springsecurity] [SpringApplicationShutdownHook] j.LocalContainerEntityManagerFactoryBean : Closing JPA EntityManagerFactory for persistence unit 'default'
2025-05-26T13:17:37.106+02:00  INFO 18740 --- [springsecurity] [SpringApplicationShutdownHook] com.zaxxer.hikari.HikariDataSource       : HikariPool - Shutdown initiated...
2025-05-26T13:17:37.107+02:00  INFO 18740 --- [springsecurity] [SpringApplicationShutdownHook] com.zaxxer.hikari.HikariDataSource       : HikariPool - Shutdown completed.
2025-05-26T13:17:42.960+02:00  INFO 22572 --- [springsecurity] [main] c.s.security.SpringSecurityApplication   : Starting SpringSecurityApplication using Java 23.0.2 with PID 22572 (C:\Users\Aqura\IdeaProjects\SpringSecurity-\target\classes started by Aqura in C:\Users\Aqura\IdeaProjects\SpringSecurity-)
2025-05-26T13:17:42.962+02:00  INFO 22572 --- [springsecurity] [main] c.s.security.SpringSecurityApplication   : No active profile set, falling back to 1 default profile: "default"
2025-05-26T13:17:43.590+02:00  INFO 22572 --- [springsecurity] [main] .s.d.r.c.RepositoryConfigurationDelegate : Bootstrapping Spring Data JPA repositories in DEFAULT mode.
2025-05-26T13:17:43.647+02:00  INFO 22572 --- [springsecurity] [main] .s.d.r.c.RepositoryConfigurationDelegate : Finished Spring Data repository scanning in 49 ms. Found 2 JPA repository interfaces.
2025-05-26T13:17:43.803+02:00  INFO 22572 --- [springsecurity] [main] o.s.cloud.context.scope.GenericScope     : BeanFactory id=6e3c1655-2e71-3da6-a4df-d053659b2bdc
2025-05-26T13:17:44.126+02:00  INFO 22572 --- [springsecurity] [main] o.s.b.w.embedded.tomcat.TomcatWebServer  : Tomcat initialized with port 8080 (http)
2025-05-26T13:17:44.138+02:00  INFO 22572 --- [springsecurity] [main] o.apache.catalina.core.StandardService   : Starting service [Tomcat]
2025-05-26T13:17:44.138+02:00  INFO 22572 --- [springsecurity] [main] o.apache.catalina.core.StandardEngine    : Starting Servlet engine: [Apache Tomcat/10.1.40]
2025-05-26T13:17:44.190+02:00  INFO 22572 --- [springsecurity] [main] o.a.c.c.C.[Tomcat].[localhost].[/]       : Initializing Spring embedded WebApplicationContext
2025-05-26T13:17:44.190+02:00  INFO 22572 --- [springsecurity] [main] w.s.c.ServletWebServerApplicationContext : Root WebApplicationContext: initialization completed in 1179 ms
2025-05-26T13:17:44.312+02:00  INFO 22572 --- [springsecurity] [main] o.hibernate.jpa.internal.util.LogHelper  : HHH000204: Processing PersistenceUnitInfo [name: default]
2025-05-26T13:17:44.370+02:00  INFO 22572 --- [springsecurity] [main] org.hibernate.Version                    : HHH000412: Hibernate ORM core version 7.0.0.Final
2025-05-26T13:17:44.809+02:00  INFO 22572 --- [springsecurity] [main] o.s.o.j.p.SpringPersistenceUnitInfo      : No LoadTimeWeaver setup: ignoring JPA class transformer
2025-05-26T13:17:44.839+02:00  INFO 22572 --- [springsecurity] [main] com.zaxxer.hikari.HikariDataSource       : HikariPool - Starting...
2025-05-26T13:17:44.954+02:00  INFO 22572 --- [springsecurity] [main] com.zaxxer.hikari.pool.HikariPool        : HikariPool - Added connection org.postgresql.jdbc.PgConnection@248b2b61
2025-05-26T13:17:44.955+02:00  INFO 22572 --- [springsecurity] [main] com.zaxxer.hikari.HikariDataSource       : HikariPool - Start completed.
2025-05-26T13:17:44.982+02:00  WARN 22572 --- [springsecurity] [main] org.hibernate.orm.deprecation            : HHH90000025: PostgreSQLDialect does not need to be specified explicitly using 'hibernate.dialect' (remove the property setting and it will be selected by default)
2025-05-26T13:17:45.011+02:00  INFO 22572 --- [springsecurity] [main] org.hibernate.orm.connections.pooling    : HHH10001005: Database info:
	Database JDBC URL [jdbc:postgresql://localhost:5433/postgres]
	Database driver: PostgreSQL JDBC Driver
	Database version: 17.4
	Autocommit mode: undefined/unknown
	Isolation level: READ_COMMITTED [default READ_COMMITTED]
	Pool: DatasourceConnectionProviderImpl
	Minimum pool size: undefined/unknown
	Maximum pool size: undefined/unknown
2025-05-26T13:17:45.808+02:00  INFO 22572 --- [springsecurity] [main] o.h.e.t.j.p.i.JtaPlatformInitiator       : HHH000489: No JTA platform available (set 'hibernate.transaction.jta.platform' to enable JTA platform integration)
2025-05-26T13:17:45.945+02:00  INFO 22572 --- [springsecurity] [main] j.LocalContainerEntityManagerFactoryBean : Initialized JPA EntityManagerFactory for persistence unit 'default'
2025-05-26T13:17:46.285+02:00  INFO 22572 --- [springsecurity] [main] o.s.d.j.r.query.QueryEnhancerFactory     : Hibernate is in classpath; If applicable, HQL parser will be used.
2025-05-26T13:17:46.752+02:00  INFO 22572 --- [springsecurity] [main] eAuthenticationProviderManagerConfigurer : Global AuthenticationManager configured with AuthenticationProvider bean with name authenticationProvider
2025-05-26T13:17:46.753+02:00  WARN 22572 --- [springsecurity] [main] r$InitializeUserDetailsManagerConfigurer : Global AuthenticationManager configured with an AuthenticationProvider bean. UserDetailsService beans will not be used by Spring Security for automatically configuring username/password login. Consider removing the AuthenticationProvider bean. Alternatively, consider using the UserDetailsService in a manually instantiated DaoAuthenticationProvider. If the current configuration is intentional, to turn off this warning, increase the logging level of 'org.springframework.security.config.annotation.authentication.configuration.InitializeUserDetailsBeanManagerConfigurer' to ERROR
2025-05-26T13:17:46.817+02:00  WARN 22572 --- [springsecurity] [main] JpaBaseConfiguration$JpaWebConfiguration : spring.jpa.open-in-view is enabled by default. Therefore, database queries may be performed during view rendering. Explicitly configure spring.jpa.open-in-view to disable this warning
2025-05-26T13:17:46.938+02:00 DEBUG 22572 --- [springsecurity] [main] s.w.s.m.m.a.RequestMappingHandlerMapping : 7 mappings in 'requestMappingHandlerMapping'
2025-05-26T13:17:47.030+02:00 DEBUG 22572 --- [springsecurity] [main] o.s.w.s.handler.SimpleUrlHandlerMapping  : Patterns [/webjars/**, /**] in 'resourceHandlerMapping'
2025-05-26T13:17:47.156+02:00 DEBUG 22572 --- [springsecurity] [main] s.w.s.m.m.a.RequestMappingHandlerAdapter : ControllerAdvice beans: 0 @ModelAttribute, 0 @InitBinder, 1 RequestBodyAdvice, 1 ResponseBodyAdvice
2025-05-26T13:17:47.198+02:00 DEBUG 22572 --- [springsecurity] [main] .m.m.a.ExceptionHandlerExceptionResolver : ControllerAdvice beans: 1 @ExceptionHandler, 1 ResponseBodyAdvice
2025-05-26T13:17:47.399+02:00  INFO 22572 --- [springsecurity] [main] o.s.b.w.embedded.tomcat.TomcatWebServer  : Tomcat started on port 8080 (http) with context path '/'
2025-05-26T13:17:47.412+02:00  INFO 22572 --- [springsecurity] [main] o.s.s.config.TaskSchedulerRouter         : No TaskScheduler/ScheduledExecutorService bean found for scheduled processing
2025-05-26T13:17:47.416+02:00  INFO 22572 --- [springsecurity] [main] c.s.security.SpringSecurityApplication   : Started SpringSecurityApplication in 4.875 seconds (process running for 5.546)
2025-05-26T13:17:47.464+02:00 DEBUG 22572 --- [springsecurity] [main] org.hibernate.SQL                        : 
    select
        r1_0.role_id 
    from
        roles r1_0 
    where
        r1_0.default_role=true
2025-05-26T13:18:47.622+02:00  INFO 22572 --- [springsecurity] [SpringApplicationShutdownHook] o.s.b.w.e.tomcat.GracefulShutdown        : Commencing graceful shutdown. Waiting for active requests to complete
2025-05-26T13:18:47.629+02:00  INFO 22572 --- [springsecurity] [tomcat-shutdown] o.s.b.w.e.tomcat.GracefulShutdown        : Graceful shutdown complete
2025-05-26T13:18:47.633+02:00  INFO 22572 --- [springsecurity] [SpringApplicationShutdownHook] j.LocalContainerEntityManagerFactoryBean : Closing JPA EntityManagerFactory for persistence unit 'default'
2025-05-26T13:18:47.635+02:00  INFO 22572 --- [springsecurity] [SpringApplicationShutdownHook] com.zaxxer.hikari.HikariDataSource       : HikariPool - Shutdown initiated...
2025-05-26T13:18:47.638+02:00  INFO 22572 --- [springsecurity] [SpringApplicationShutdownHook] com.zaxxer.hikari.HikariDataSource       : HikariPool - Shutdown completed.
2025-05-26T13:21:41.544+02:00  INFO 3504 --- [springsecurity] [main] c.s.security.SpringSecurityApplication   : Starting SpringSecurityApplication using Java 23.0.2 with PID 3504 (C:\Users\Aqura\IdeaProjects\SpringSecurity-\target\classes started by Aqura in C:\Users\Aqura\IdeaProjects\SpringSecurity-)
2025-05-26T13:21:41.546+02:00  INFO 3504 --- [springsecurity] [main] c.s.security.SpringSecurityApplication   : No active profile set, falling back to 1 default profile: "default"
2025-05-26T13:21:42.170+02:00  INFO 3504 --- [springsecurity] [main] .s.d.r.c.RepositoryConfigurationDelegate : Bootstrapping Spring Data JPA repositories in DEFAULT mode.
2025-05-26T13:21:42.224+02:00  INFO 3504 --- [springsecurity] [main] .s.d.r.c.RepositoryConfigurationDelegate : Finished Spring Data repository scanning in 47 ms. Found 2 JPA repository interfaces.
2025-05-26T13:21:42.381+02:00  INFO 3504 --- [springsecurity] [main] o.s.cloud.context.scope.GenericScope     : BeanFactory id=6e3c1655-2e71-3da6-a4df-d053659b2bdc
2025-05-26T13:21:42.702+02:00  INFO 3504 --- [springsecurity] [main] o.s.b.w.embedded.tomcat.TomcatWebServer  : Tomcat initialized with port 8080 (http)
2025-05-26T13:21:42.714+02:00  INFO 3504 --- [springsecurity] [main] o.apache.catalina.core.StandardService   : Starting service [Tomcat]
2025-05-26T13:21:42.714+02:00  INFO 3504 --- [springsecurity] [main] o.apache.catalina.core.StandardEngine    : Starting Servlet engine: [Apache Tomcat/10.1.40]
2025-05-26T13:21:42.765+02:00  INFO 3504 --- [springsecurity] [main] o.a.c.c.C.[Tomcat].[localhost].[/]       : Initializing Spring embedded WebApplicationContext
2025-05-26T13:21:42.765+02:00  INFO 3504 --- [springsecurity] [main] w.s.c.ServletWebServerApplicationContext : Root WebApplicationContext: initialization completed in 1173 ms
2025-05-26T13:21:42.894+02:00  INFO 3504 --- [springsecurity] [main] o.hibernate.jpa.internal.util.LogHelper  : HHH000204: Processing PersistenceUnitInfo [name: default]
2025-05-26T13:21:42.943+02:00  INFO 3504 --- [springsecurity] [main] org.hibernate.Version                    : HHH000412: Hibernate ORM core version 7.0.0.Final
2025-05-26T13:21:43.386+02:00  INFO 3504 --- [springsecurity] [main] o.s.o.j.p.SpringPersistenceUnitInfo      : No LoadTimeWeaver setup: ignoring JPA class transformer
2025-05-26T13:21:43.419+02:00  INFO 3504 --- [springsecurity] [main] com.zaxxer.hikari.HikariDataSource       : HikariPool - Starting...
2025-05-26T13:21:43.540+02:00  INFO 3504 --- [springsecurity] [main] com.zaxxer.hikari.pool.HikariPool        : HikariPool - Added connection org.postgresql.jdbc.PgConnection@57b711b6
2025-05-26T13:21:43.541+02:00  INFO 3504 --- [springsecurity] [main] com.zaxxer.hikari.HikariDataSource       : HikariPool - Start completed.
2025-05-26T13:21:43.578+02:00  WARN 3504 --- [springsecurity] [main] org.hibernate.orm.deprecation            : HHH90000025: PostgreSQLDialect does not need to be specified explicitly using 'hibernate.dialect' (remove the property setting and it will be selected by default)
2025-05-26T13:21:43.601+02:00  INFO 3504 --- [springsecurity] [main] org.hibernate.orm.connections.pooling    : HHH10001005: Database info:
	Database JDBC URL [jdbc:postgresql://localhost:5433/postgres]
	Database driver: PostgreSQL JDBC Driver
	Database version: 17.4
	Autocommit mode: undefined/unknown
	Isolation level: READ_COMMITTED [default READ_COMMITTED]
	Pool: DatasourceConnectionProviderImpl
	Minimum pool size: undefined/unknown
	Maximum pool size: undefined/unknown
2025-05-26T13:21:44.394+02:00  INFO 3504 --- [springsecurity] [main] o.h.e.t.j.p.i.JtaPlatformInitiator       : HHH000489: No JTA platform available (set 'hibernate.transaction.jta.platform' to enable JTA platform integration)
2025-05-26T13:21:44.539+02:00  INFO 3504 --- [springsecurity] [main] j.LocalContainerEntityManagerFactoryBean : Initialized JPA EntityManagerFactory for persistence unit 'default'
2025-05-26T13:21:44.890+02:00  INFO 3504 --- [springsecurity] [main] o.s.d.j.r.query.QueryEnhancerFactory     : Hibernate is in classpath; If applicable, HQL parser will be used.
2025-05-26T13:21:45.361+02:00  INFO 3504 --- [springsecurity] [main] eAuthenticationProviderManagerConfigurer : Global AuthenticationManager configured with AuthenticationProvider bean with name authenticationProvider
2025-05-26T13:21:45.362+02:00  WARN 3504 --- [springsecurity] [main] r$InitializeUserDetailsManagerConfigurer : Global AuthenticationManager configured with an AuthenticationProvider bean. UserDetailsService beans will not be used by Spring Security for automatically configuring username/password login. Consider removing the AuthenticationProvider bean. Alternatively, consider using the UserDetailsService in a manually instantiated DaoAuthenticationProvider. If the current configuration is intentional, to turn off this warning, increase the logging level of 'org.springframework.security.config.annotation.authentication.configuration.InitializeUserDetailsBeanManagerConfigurer' to ERROR
2025-05-26T13:21:45.435+02:00  WARN 3504 --- [springsecurity] [main] JpaBaseConfiguration$JpaWebConfiguration : spring.jpa.open-in-view is enabled by default. Therefore, database queries may be performed during view rendering. Explicitly configure spring.jpa.open-in-view to disable this warning
2025-05-26T13:21:45.557+02:00 DEBUG 3504 --- [springsecurity] [main] s.w.s.m.m.a.RequestMappingHandlerMapping : 7 mappings in 'requestMappingHandlerMapping'
2025-05-26T13:21:45.651+02:00 DEBUG 3504 --- [springsecurity] [main] o.s.w.s.handler.SimpleUrlHandlerMapping  : Patterns [/webjars/**, /**] in 'resourceHandlerMapping'
2025-05-26T13:21:45.772+02:00 DEBUG 3504 --- [springsecurity] [main] s.w.s.m.m.a.RequestMappingHandlerAdapter : ControllerAdvice beans: 0 @ModelAttribute, 0 @InitBinder, 1 RequestBodyAdvice, 1 ResponseBodyAdvice
2025-05-26T13:21:45.813+02:00 DEBUG 3504 --- [springsecurity] [main] .m.m.a.ExceptionHandlerExceptionResolver : ControllerAdvice beans: 1 @ExceptionHandler, 1 ResponseBodyAdvice
2025-05-26T13:21:46.000+02:00  INFO 3504 --- [springsecurity] [main] o.s.b.w.embedded.tomcat.TomcatWebServer  : Tomcat started on port 8080 (http) with context path '/'
2025-05-26T13:21:46.013+02:00  INFO 3504 --- [springsecurity] [main] o.s.s.config.TaskSchedulerRouter         : No TaskScheduler/ScheduledExecutorService bean found for scheduled processing
2025-05-26T13:21:46.017+02:00  INFO 3504 --- [springsecurity] [main] c.s.security.SpringSecurityApplication   : Started SpringSecurityApplication in 4.886 seconds (process running for 5.574)
2025-05-26T13:21:46.063+02:00 DEBUG 3504 --- [springsecurity] [main] org.hibernate.SQL                        : 
    select
        r1_0.role_id 
    from
        roles r1_0 
    where
        r1_0.default_role=true
2025-05-26T13:22:33.088+02:00  INFO 3504 --- [springsecurity] [http-nio-0.0.0.0-8080-exec-1] o.a.c.c.C.[Tomcat].[localhost].[/]       : Initializing Spring DispatcherServlet 'dispatcherServlet'
2025-05-26T13:22:33.088+02:00  INFO 3504 --- [springsecurity] [http-nio-0.0.0.0-8080-exec-1] o.s.web.servlet.DispatcherServlet        : Initializing Servlet 'dispatcherServlet'
2025-05-26T13:22:33.088+02:00 DEBUG 3504 --- [springsecurity] [http-nio-0.0.0.0-8080-exec-1] o.s.web.servlet.DispatcherServlet        : Detected StandardServletMultipartResolver
2025-05-26T13:22:33.088+02:00 DEBUG 3504 --- [springsecurity] [http-nio-0.0.0.0-8080-exec-1] o.s.web.servlet.DispatcherServlet        : Detected AcceptHeaderLocaleResolver
2025-05-26T13:22:33.088+02:00 DEBUG 3504 --- [springsecurity] [http-nio-0.0.0.0-8080-exec-1] o.s.web.servlet.DispatcherServlet        : Detected FixedThemeResolver
2025-05-26T13:22:33.089+02:00 DEBUG 3504 --- [springsecurity] [http-nio-0.0.0.0-8080-exec-1] o.s.web.servlet.DispatcherServlet        : Detected org.springframework.web.servlet.view.DefaultRequestToViewNameTranslator@2fc72df3
2025-05-26T13:22:33.090+02:00 DEBUG 3504 --- [springsecurity] [http-nio-0.0.0.0-8080-exec-1] o.s.web.servlet.DispatcherServlet        : Detected org.springframework.web.servlet.support.SessionFlashMapManager@794c22cd
2025-05-26T13:22:33.090+02:00 DEBUG 3504 --- [springsecurity] [http-nio-0.0.0.0-8080-exec-1] o.s.web.servlet.DispatcherServlet        : enableLoggingRequestDetails='false': request parameters and headers will be masked to prevent unsafe logging of potentially sensitive data
2025-05-26T13:22:33.090+02:00  INFO 3504 --- [springsecurity] [http-nio-0.0.0.0-8080-exec-1] o.s.web.servlet.DispatcherServlet        : Completed initialization in 2 ms
2025-05-26T13:22:33.110+02:00 DEBUG 3504 --- [springsecurity] [http-nio-0.0.0.0-8080-exec-1] o.s.web.servlet.DispatcherServlet        : POST "/auth/authenticate", parameters={}
2025-05-26T13:22:33.112+02:00 DEBUG 3504 --- [springsecurity] [http-nio-0.0.0.0-8080-exec-1] s.w.s.m.m.a.RequestMappingHandlerMapping : Mapped to com.spring.security.auth.controller.AuthorizationController#authorization(User)
2025-05-26T13:22:33.199+02:00 DEBUG 3504 --- [springsecurity] [http-nio-0.0.0.0-8080-exec-1] m.m.a.RequestResponseBodyMethodProcessor : Read "application/json;charset=UTF-8" to [com.spring.security.user.entity.User@660d0540]
2025-05-26T13:22:33.306+02:00 DEBUG 3504 --- [springsecurity] [http-nio-0.0.0.0-8080-exec-1] org.hibernate.SQL                        : 
    select
        u1_0.user_id,
        u1_0.password,
        u1_0.username 
    from
        users u1_0 
    where
        u1_0.username=?
2025-05-26T13:22:33.332+02:00 DEBUG 3504 --- [springsecurity] [http-nio-0.0.0.0-8080-exec-1] org.hibernate.SQL                        : 
    select
        r1_0.user_id,
        r1_1.role_id,
        r1_1.default_role,
        r1_1.name 
    from
        user_roles r1_0 
    join
        roles r1_1 
            on r1_1.role_id=r1_0.role_id 
    where
        r1_0.user_id=?
2025-05-26T13:22:33.416+02:00 DEBUG 3504 --- [springsecurity] [http-nio-0.0.0.0-8080-exec-1] org.hibernate.SQL                        : 
    select
        u1_0.user_id,
        u1_0.password,
        u1_0.username 
    from
        users u1_0 
    where
        u1_0.username=?
2025-05-26T13:22:33.457+02:00 DEBUG 3504 --- [springsecurity] [http-nio-0.0.0.0-8080-exec-1] o.s.w.s.m.m.a.HttpEntityMethodProcessor  : Using 'text/plain', given [*/*] and supported [text/plain, */*, application/json, application/*+json]
2025-05-26T13:22:33.458+02:00 DEBUG 3504 --- [springsecurity] [http-nio-0.0.0.0-8080-exec-1] o.s.w.s.m.m.a.HttpEntityMethodProcessor  : Writing ["eyJhbGciOiJIUzI1NiJ9.eyJyb2xlcyI6W3siaWQiOjIsIm5hbWUiOiJST0xFX1VTRVIiLCJkZWZhdWx0Um9sZSI6dHJ1ZX0seyJ (truncated)..."]
2025-05-26T13:22:33.462+02:00 DEBUG 3504 --- [springsecurity] [http-nio-0.0.0.0-8080-exec-1] o.s.web.servlet.DispatcherServlet        : Completed 200 OK
2025-05-26T13:22:52.265+02:00 DEBUG 3504 --- [springsecurity] [http-nio-0.0.0.0-8080-exec-3] org.hibernate.SQL                        : 
    select
        u1_0.user_id,
        u1_0.password,
        u1_0.username 
    from
        users u1_0 
    where
        u1_0.username=?
2025-05-26T13:22:52.269+02:00 DEBUG 3504 --- [springsecurity] [http-nio-0.0.0.0-8080-exec-3] org.hibernate.SQL                        : 
    select
        r1_0.user_id,
        r1_1.role_id,
        r1_1.default_role,
        r1_1.name 
    from
        user_roles r1_0 
    join
        roles r1_1 
            on r1_1.role_id=r1_0.role_id 
    where
        r1_0.user_id=?
2025-05-26T13:22:52.287+02:00 DEBUG 3504 --- [springsecurity] [http-nio-0.0.0.0-8080-exec-3] o.s.web.servlet.DispatcherServlet        : DELETE "/user?id=5", parameters={masked}
2025-05-26T13:22:52.288+02:00 DEBUG 3504 --- [springsecurity] [http-nio-0.0.0.0-8080-exec-3] s.w.s.m.m.a.RequestMappingHandlerMapping : Mapped to com.spring.security.user.controller.UserController#delete(Long)
2025-05-26T13:22:52.358+02:00 DEBUG 3504 --- [springsecurity] [http-nio-0.0.0.0-8080-exec-3] org.hibernate.SQL                        : 
    select
        count(*) 
    from
        users u1_0 
    where
        u1_0.user_id=?
2025-05-26T13:22:52.363+02:00 DEBUG 3504 --- [springsecurity] [http-nio-0.0.0.0-8080-exec-3] .m.m.a.ExceptionHandlerExceptionResolver : Using @ExceptionHandler com.spring.security.exception.GlobalExceptionHandler#handleNotFoundException(NotFoundException)
2025-05-26T13:22:52.373+02:00 DEBUG 3504 --- [springsecurity] [http-nio-0.0.0.0-8080-exec-3] o.s.w.s.m.m.a.HttpEntityMethodProcessor  : Using 'application/json', given [*/*] and supported [application/json, application/*+json]
2025-05-26T13:22:52.375+02:00 DEBUG 3504 --- [springsecurity] [http-nio-0.0.0.0-8080-exec-3] o.s.w.s.m.m.a.HttpEntityMethodProcessor  : Writing [ApiError[status=404 NOT_FOUND, message=Resource not found!, details=User with this id does not exist (truncated)...]
2025-05-26T13:22:52.379+02:00 DEBUG 3504 --- [springsecurity] [http-nio-0.0.0.0-8080-exec-3] .m.m.a.ExceptionHandlerExceptionResolver : Resolved [com.spring.security.exception.exceptions.NotFoundException: User with this id does not exist!]
2025-05-26T13:22:52.379+02:00 DEBUG 3504 --- [springsecurity] [http-nio-0.0.0.0-8080-exec-3] o.s.web.servlet.DispatcherServlet        : Completed 404 NOT_FOUND
2025-05-26T13:23:03.803+02:00 DEBUG 3504 --- [springsecurity] [http-nio-0.0.0.0-8080-exec-4] org.hibernate.SQL                        : 
    select
        u1_0.user_id,
        u1_0.password,
        u1_0.username 
    from
        users u1_0 
    where
        u1_0.username=?
2025-05-26T13:23:03.807+02:00 DEBUG 3504 --- [springsecurity] [http-nio-0.0.0.0-8080-exec-4] org.hibernate.SQL                        : 
    select
        r1_0.user_id,
        r1_1.role_id,
        r1_1.default_role,
        r1_1.name 
    from
        user_roles r1_0 
    join
        roles r1_1 
            on r1_1.role_id=r1_0.role_id 
    where
        r1_0.user_id=?
2025-05-26T13:23:03.812+02:00 DEBUG 3504 --- [springsecurity] [http-nio-0.0.0.0-8080-exec-4] o.s.web.servlet.DispatcherServlet        : DELETE "/user?id=1", parameters={masked}
2025-05-26T13:23:03.812+02:00 DEBUG 3504 --- [springsecurity] [http-nio-0.0.0.0-8080-exec-4] s.w.s.m.m.a.RequestMappingHandlerMapping : Mapped to com.spring.security.user.controller.UserController#delete(Long)
2025-05-26T13:23:03.814+02:00 DEBUG 3504 --- [springsecurity] [http-nio-0.0.0.0-8080-exec-4] org.hibernate.SQL                        : 
    select
        count(*) 
    from
        users u1_0 
    where
        u1_0.user_id=?
2025-05-26T13:23:03.820+02:00 DEBUG 3504 --- [springsecurity] [http-nio-0.0.0.0-8080-exec-4] org.hibernate.SQL                        : 
    select
        u1_0.user_id,
        u1_0.password,
        r1_0.user_id,
        r1_1.role_id,
        r1_1.default_role,
        r1_1.name,
        u1_0.username 
    from
        users u1_0 
    left join
        user_roles r1_0 
            on u1_0.user_id=r1_0.user_id 
    left join
        roles r1_1 
            on r1_1.role_id=r1_0.role_id 
    where
        u1_0.user_id=?
2025-05-26T13:23:03.842+02:00 DEBUG 3504 --- [springsecurity] [http-nio-0.0.0.0-8080-exec-4] org.hibernate.SQL                        : 
    delete 
    from
        user_roles 
    where
        user_id=?
2025-05-26T13:23:03.851+02:00 DEBUG 3504 --- [springsecurity] [http-nio-0.0.0.0-8080-exec-4] org.hibernate.SQL                        : 
    delete 
    from
        users 
    where
        user_id=?
2025-05-26T13:23:03.857+02:00 DEBUG 3504 --- [springsecurity] [http-nio-0.0.0.0-8080-exec-4] m.m.a.RequestResponseBodyMethodProcessor : Using 'application/json', given [*/*] and supported [application/json, application/*+json]
2025-05-26T13:23:03.857+02:00 DEBUG 3504 --- [springsecurity] [http-nio-0.0.0.0-8080-exec-4] m.m.a.RequestResponseBodyMethodProcessor : Nothing to write: null body
2025-05-26T13:23:03.857+02:00 DEBUG 3504 --- [springsecurity] [http-nio-0.0.0.0-8080-exec-4] o.s.web.servlet.DispatcherServlet        : Completed 200 OK
2025-05-26T13:23:18.391+02:00  INFO 3504 --- [springsecurity] [SpringApplicationShutdownHook] o.s.b.w.e.tomcat.GracefulShutdown        : Commencing graceful shutdown. Waiting for active requests to complete
2025-05-26T13:23:18.399+02:00  INFO 3504 --- [springsecurity] [tomcat-shutdown] o.s.b.w.e.tomcat.GracefulShutdown        : Graceful shutdown complete
2025-05-26T13:23:18.403+02:00  INFO 3504 --- [springsecurity] [SpringApplicationShutdownHook] j.LocalContainerEntityManagerFactoryBean : Closing JPA EntityManagerFactory for persistence unit 'default'
2025-05-26T13:23:18.404+02:00  INFO 3504 --- [springsecurity] [SpringApplicationShutdownHook] com.zaxxer.hikari.HikariDataSource       : HikariPool - Shutdown initiated...
2025-05-26T13:23:18.406+02:00  INFO 3504 --- [springsecurity] [SpringApplicationShutdownHook] com.zaxxer.hikari.HikariDataSource       : HikariPool - Shutdown completed.
2025-05-26T13:28:20.461+02:00  INFO 23644 --- [springsecurity] [main] c.s.security.SpringSecurityApplication   : Starting SpringSecurityApplication using Java 23.0.2 with PID 23644 (C:\Users\Aqura\IdeaProjects\SpringSecurity-\target\classes started by Aqura in C:\Users\Aqura\IdeaProjects\SpringSecurity-)
2025-05-26T13:28:20.463+02:00  INFO 23644 --- [springsecurity] [main] c.s.security.SpringSecurityApplication   : No active profile set, falling back to 1 default profile: "default"
2025-05-26T13:28:21.084+02:00  INFO 23644 --- [springsecurity] [main] .s.d.r.c.RepositoryConfigurationDelegate : Bootstrapping Spring Data JPA repositories in DEFAULT mode.
2025-05-26T13:28:21.141+02:00  INFO 23644 --- [springsecurity] [main] .s.d.r.c.RepositoryConfigurationDelegate : Finished Spring Data repository scanning in 49 ms. Found 2 JPA repository interfaces.
2025-05-26T13:28:21.298+02:00  INFO 23644 --- [springsecurity] [main] o.s.cloud.context.scope.GenericScope     : BeanFactory id=6e3c1655-2e71-3da6-a4df-d053659b2bdc
2025-05-26T13:28:21.617+02:00  INFO 23644 --- [springsecurity] [main] o.s.b.w.embedded.tomcat.TomcatWebServer  : Tomcat initialized with port 8080 (http)
2025-05-26T13:28:21.629+02:00  INFO 23644 --- [springsecurity] [main] o.apache.catalina.core.StandardService   : Starting service [Tomcat]
2025-05-26T13:28:21.629+02:00  INFO 23644 --- [springsecurity] [main] o.apache.catalina.core.StandardEngine    : Starting Servlet engine: [Apache Tomcat/10.1.40]
2025-05-26T13:28:21.681+02:00  INFO 23644 --- [springsecurity] [main] o.a.c.c.C.[Tomcat].[localhost].[/]       : Initializing Spring embedded WebApplicationContext
2025-05-26T13:28:21.681+02:00  INFO 23644 --- [springsecurity] [main] w.s.c.ServletWebServerApplicationContext : Root WebApplicationContext: initialization completed in 1170 ms
2025-05-26T13:28:21.812+02:00  INFO 23644 --- [springsecurity] [main] o.hibernate.jpa.internal.util.LogHelper  : HHH000204: Processing PersistenceUnitInfo [name: default]
2025-05-26T13:28:21.862+02:00  INFO 23644 --- [springsecurity] [main] org.hibernate.Version                    : HHH000412: Hibernate ORM core version 7.0.0.Final
2025-05-26T13:28:22.349+02:00  INFO 23644 --- [springsecurity] [main] o.s.o.j.p.SpringPersistenceUnitInfo      : No LoadTimeWeaver setup: ignoring JPA class transformer
2025-05-26T13:28:22.381+02:00  INFO 23644 --- [springsecurity] [main] com.zaxxer.hikari.HikariDataSource       : HikariPool - Starting...
2025-05-26T13:28:22.498+02:00  INFO 23644 --- [springsecurity] [main] com.zaxxer.hikari.pool.HikariPool        : HikariPool - Added connection org.postgresql.jdbc.PgConnection@4b61e97
2025-05-26T13:28:22.499+02:00  INFO 23644 --- [springsecurity] [main] com.zaxxer.hikari.HikariDataSource       : HikariPool - Start completed.
2025-05-26T13:28:22.532+02:00  WARN 23644 --- [springsecurity] [main] org.hibernate.orm.deprecation            : HHH90000025: PostgreSQLDialect does not need to be specified explicitly using 'hibernate.dialect' (remove the property setting and it will be selected by default)
2025-05-26T13:28:22.552+02:00  INFO 23644 --- [springsecurity] [main] org.hibernate.orm.connections.pooling    : HHH10001005: Database info:
	Database JDBC URL [jdbc:postgresql://localhost:5433/postgres]
	Database driver: PostgreSQL JDBC Driver
	Database version: 17.4
	Autocommit mode: undefined/unknown
	Isolation level: READ_COMMITTED [default READ_COMMITTED]
	Pool: DatasourceConnectionProviderImpl
	Minimum pool size: undefined/unknown
	Maximum pool size: undefined/unknown
2025-05-26T13:28:23.362+02:00  INFO 23644 --- [springsecurity] [main] o.h.e.t.j.p.i.JtaPlatformInitiator       : HHH000489: No JTA platform available (set 'hibernate.transaction.jta.platform' to enable JTA platform integration)
2025-05-26T13:28:23.512+02:00  INFO 23644 --- [springsecurity] [main] j.LocalContainerEntityManagerFactoryBean : Initialized JPA EntityManagerFactory for persistence unit 'default'
2025-05-26T13:28:23.872+02:00  INFO 23644 --- [springsecurity] [main] o.s.d.j.r.query.QueryEnhancerFactory     : Hibernate is in classpath; If applicable, HQL parser will be used.
2025-05-26T13:28:24.354+02:00  INFO 23644 --- [springsecurity] [main] eAuthenticationProviderManagerConfigurer : Global AuthenticationManager configured with AuthenticationProvider bean with name authenticationProvider
2025-05-26T13:28:24.355+02:00  WARN 23644 --- [springsecurity] [main] r$InitializeUserDetailsManagerConfigurer : Global AuthenticationManager configured with an AuthenticationProvider bean. UserDetailsService beans will not be used by Spring Security for automatically configuring username/password login. Consider removing the AuthenticationProvider bean. Alternatively, consider using the UserDetailsService in a manually instantiated DaoAuthenticationProvider. If the current configuration is intentional, to turn off this warning, increase the logging level of 'org.springframework.security.config.annotation.authentication.configuration.InitializeUserDetailsBeanManagerConfigurer' to ERROR
2025-05-26T13:28:24.432+02:00  WARN 23644 --- [springsecurity] [main] JpaBaseConfiguration$JpaWebConfiguration : spring.jpa.open-in-view is enabled by default. Therefore, database queries may be performed during view rendering. Explicitly configure spring.jpa.open-in-view to disable this warning
2025-05-26T13:28:24.557+02:00 DEBUG 23644 --- [springsecurity] [main] s.w.s.m.m.a.RequestMappingHandlerMapping : 7 mappings in 'requestMappingHandlerMapping'
2025-05-26T13:28:24.645+02:00 DEBUG 23644 --- [springsecurity] [main] o.s.w.s.handler.SimpleUrlHandlerMapping  : Patterns [/webjars/**, /**] in 'resourceHandlerMapping'
2025-05-26T13:28:24.766+02:00 DEBUG 23644 --- [springsecurity] [main] s.w.s.m.m.a.RequestMappingHandlerAdapter : ControllerAdvice beans: 0 @ModelAttribute, 0 @InitBinder, 1 RequestBodyAdvice, 1 ResponseBodyAdvice
2025-05-26T13:28:24.808+02:00 DEBUG 23644 --- [springsecurity] [main] .m.m.a.ExceptionHandlerExceptionResolver : ControllerAdvice beans: 1 @ExceptionHandler, 1 ResponseBodyAdvice
2025-05-26T13:28:24.997+02:00  INFO 23644 --- [springsecurity] [main] o.s.b.w.embedded.tomcat.TomcatWebServer  : Tomcat started on port 8080 (http) with context path '/'
2025-05-26T13:28:25.011+02:00  INFO 23644 --- [springsecurity] [main] o.s.s.config.TaskSchedulerRouter         : No TaskScheduler/ScheduledExecutorService bean found for scheduled processing
2025-05-26T13:28:25.020+02:00  INFO 23644 --- [springsecurity] [main] c.s.security.SpringSecurityApplication   : Started SpringSecurityApplication in 5.047 seconds (process running for 5.736)
2025-05-26T13:28:25.074+02:00 DEBUG 23644 --- [springsecurity] [main] org.hibernate.SQL                        : 
    select
        r1_0.role_id 
    from
        roles r1_0 
    where
        r1_0.default_role=true
2025-05-26T13:28:26.681+02:00  INFO 23644 --- [springsecurity] [http-nio-0.0.0.0-8080-exec-1] o.a.c.c.C.[Tomcat].[localhost].[/]       : Initializing Spring DispatcherServlet 'dispatcherServlet'
2025-05-26T13:28:26.681+02:00  INFO 23644 --- [springsecurity] [http-nio-0.0.0.0-8080-exec-1] o.s.web.servlet.DispatcherServlet        : Initializing Servlet 'dispatcherServlet'
2025-05-26T13:28:26.681+02:00 DEBUG 23644 --- [springsecurity] [http-nio-0.0.0.0-8080-exec-1] o.s.web.servlet.DispatcherServlet        : Detected StandardServletMultipartResolver
2025-05-26T13:28:26.681+02:00 DEBUG 23644 --- [springsecurity] [http-nio-0.0.0.0-8080-exec-1] o.s.web.servlet.DispatcherServlet        : Detected AcceptHeaderLocaleResolver
2025-05-26T13:28:26.682+02:00 DEBUG 23644 --- [springsecurity] [http-nio-0.0.0.0-8080-exec-1] o.s.web.servlet.DispatcherServlet        : Detected FixedThemeResolver
2025-05-26T13:28:26.682+02:00 DEBUG 23644 --- [springsecurity] [http-nio-0.0.0.0-8080-exec-1] o.s.web.servlet.DispatcherServlet        : Detected org.springframework.web.servlet.view.DefaultRequestToViewNameTranslator@2aee0173
2025-05-26T13:28:26.683+02:00 DEBUG 23644 --- [springsecurity] [http-nio-0.0.0.0-8080-exec-1] o.s.web.servlet.DispatcherServlet        : Detected org.springframework.web.servlet.support.SessionFlashMapManager@5bb0122
2025-05-26T13:28:26.683+02:00 DEBUG 23644 --- [springsecurity] [http-nio-0.0.0.0-8080-exec-1] o.s.web.servlet.DispatcherServlet        : enableLoggingRequestDetails='false': request parameters and headers will be masked to prevent unsafe logging of potentially sensitive data
2025-05-26T13:28:26.683+02:00  INFO 23644 --- [springsecurity] [http-nio-0.0.0.0-8080-exec-1] o.s.web.servlet.DispatcherServlet        : Completed initialization in 2 ms
2025-05-26T13:28:26.701+02:00 DEBUG 23644 --- [springsecurity] [http-nio-0.0.0.0-8080-exec-1] o.s.web.servlet.DispatcherServlet        : POST "/auth/registration", parameters={}
2025-05-26T13:28:26.703+02:00 DEBUG 23644 --- [springsecurity] [http-nio-0.0.0.0-8080-exec-1] s.w.s.m.m.a.RequestMappingHandlerMapping : Mapped to com.spring.security.auth.controller.AuthorizationController#registration(User)
2025-05-26T13:28:26.777+02:00 DEBUG 23644 --- [springsecurity] [http-nio-0.0.0.0-8080-exec-1] m.m.a.RequestResponseBodyMethodProcessor : Read "application/json;charset=UTF-8" to [com.spring.security.user.entity.User@62f9fe86]
2025-05-26T13:28:26.894+02:00 DEBUG 23644 --- [springsecurity] [http-nio-0.0.0.0-8080-exec-1] org.hibernate.SQL                        : 
    insert 
    into
        users
        (password, username) 
    values
        (?, ?)
2025-05-26T13:28:26.907+02:00  WARN 23644 --- [springsecurity] [http-nio-0.0.0.0-8080-exec-1] org.hibernate.orm.jdbc.error             : HHH000247: ErrorCode: 0, SQLState: 23505
2025-05-26T13:28:26.907+02:00  WARN 23644 --- [springsecurity] [http-nio-0.0.0.0-8080-exec-1] org.hibernate.orm.jdbc.error             : ERROR: duplicate key value violates unique constraint "ukr43af9ap4edm43mmtq01oddj6"
  Подробности: Key (username)=(testName3) already exists.
2025-05-26T13:28:26.917+02:00 DEBUG 23644 --- [springsecurity] [http-nio-0.0.0.0-8080-exec-1] .m.m.a.ExceptionHandlerExceptionResolver : Using @ExceptionHandler com.spring.security.exception.GlobalExceptionHandler#handleDataIntegrityViolationException(DataIntegrityViolationException)
2025-05-26T13:28:26.940+02:00 DEBUG 23644 --- [springsecurity] [http-nio-0.0.0.0-8080-exec-1] o.s.w.s.m.m.a.HttpEntityMethodProcessor  : Using 'application/json', given [*/*] and supported [application/json, application/*+json]
2025-05-26T13:28:26.942+02:00 DEBUG 23644 --- [springsecurity] [http-nio-0.0.0.0-8080-exec-1] o.s.w.s.m.m.a.HttpEntityMethodProcessor  : Writing [ApiError[status=409 CONFLICT, message=Duplicate entry!, details=could not execute statement [ERROR:  (truncated)...]
2025-05-26T13:28:26.952+02:00 DEBUG 23644 --- [springsecurity] [http-nio-0.0.0.0-8080-exec-1] .m.m.a.ExceptionHandlerExceptionResolver : Resolved [org.springframework.dao.DataIntegrityViolationException: could not execute statement [ERROR: duplicate key value violates unique constraint "ukr43af9ap4edm43mmtq01oddj6"<EOL>  Подробности: Key (username)=(testName3) already exists.] [insert into users (password,username) values (?,?)]; SQL [insert into users (password,username) values (?,?)]; constraint [ukr43af9ap4edm43mmtq01oddj6]]
2025-05-26T13:28:26.953+02:00 DEBUG 23644 --- [springsecurity] [http-nio-0.0.0.0-8080-exec-1] o.s.web.servlet.DispatcherServlet        : Completed 409 CONFLICT
2025-05-26T13:28:47.864+02:00  INFO 23644 --- [springsecurity] [SpringApplicationShutdownHook] o.s.b.w.e.tomcat.GracefulShutdown        : Commencing graceful shutdown. Waiting for active requests to complete
2025-05-26T13:28:47.871+02:00  INFO 23644 --- [springsecurity] [tomcat-shutdown] o.s.b.w.e.tomcat.GracefulShutdown        : Graceful shutdown complete
2025-05-26T13:28:47.875+02:00  INFO 23644 --- [springsecurity] [SpringApplicationShutdownHook] j.LocalContainerEntityManagerFactoryBean : Closing JPA EntityManagerFactory for persistence unit 'default'
2025-05-26T13:28:47.877+02:00  INFO 23644 --- [springsecurity] [SpringApplicationShutdownHook] com.zaxxer.hikari.HikariDataSource       : HikariPool - Shutdown initiated...
2025-05-26T13:28:47.879+02:00  INFO 23644 --- [springsecurity] [SpringApplicationShutdownHook] com.zaxxer.hikari.HikariDataSource       : HikariPool - Shutdown completed.
